relation_type,focus_r,qA,qB,count,success_rate,example_base_class,notes
unknown_large_lcm,529,244,404,10000,1.0,11532049 mod 187867680,symbolic_too_large
unknown_large_lcm,529,244,412,10000,1.0,11532049 mod 187867680,symbolic_too_large
unknown_large_lcm,529,244,428,10000,1.0,11532049 mod 187867680,symbolic_too_large
unknown_large_lcm,529,244,436,10000,1.0,11532049 mod 187867680,symbolic_too_large
independent,529,244,488,10000,1.0,11532049 mod 187867680,independent
unknown_large_lcm,529,244,556,10000,1.0,11532049 mod 187867680,symbolic_too_large
unknown_large_lcm,529,244,568,10000,1.0,11532049 mod 187867680,symbolic_too_large
unknown_large_lcm,529,244,596,10000,1.0,11532049 mod 187867680,symbolic_too_large
unknown_large_lcm,529,244,628,10000,1.0,11532049 mod 187867680,symbolic_too_large
unknown_large_lcm,529,244,852,10000,1.0,11532049 mod 187867680,symbolic_too_large
unknown_large_lcm,529,244,1068,10000,1.0,11532049 mod 187867680,symbolic_too_large
unknown_large_lcm,529,244,1940,10000,1.0,11532049 mod 187867680,symbolic_too_large
unknown_large_lcm,529,244,1956,10000,1.0,11532049 mod 187867680,symbolic_too_large
independent,529,244,2440,10000,1.0,11532049 mod 187867680,independent
unknown_large_lcm,529,244,2796,10000,1.0,11532049 mod 187867680,symbolic_too_large
unknown_large_lcm,529,244,3980,10000,1.0,11532049 mod 187867680,symbolic_too_large
unknown_large_lcm,529,244,4676,10000,1.0,11532049 mod 187867680,symbolic_too_large
unknown_large_lcm,529,244,6412,10000,1.0,11532049 mod 187867680,symbolic_too_large
unknown_large_lcm,961,236,404,10000,1.0,11772721 mod 132372240,symbolic_too_large
unknown_large_lcm,961,236,428,10000,1.0,11772721 mod 132372240,symbolic_too_large
unknown_large_lcm,961,236,556,10000,1.0,11772721 mod 132372240,symbolic_too_large
unknown_large_lcm,961,236,596,10000,1.0,11772721 mod 132372240,symbolic_too_large
unknown_large_lcm,961,236,628,10000,1.0,11772721 mod 132372240,symbolic_too_large
unknown_large_lcm,961,236,692,10000,1.0,11772721 mod 132372240,symbolic_too_large
unknown_large_lcm,961,236,1004,10000,1.0,11772721 mod 132372240,symbolic_too_large
unknown_large_lcm,961,236,1644,10000,1.0,11772721 mod 132372240,symbolic_too_large
unknown_large_lcm,961,236,1956,10000,1.0,11772721 mod 132372240,symbolic_too_large
unknown_large_lcm,961,236,2260,10000,1.0,11772721 mod 132372240,symbolic_too_large
unknown_large_lcm,961,236,2796,10000,1.0,11772721 mod 132372240,symbolic_too_large
unknown_large_lcm,961,236,3020,10000,1.0,11772721 mod 132372240,symbolic_too_large
unknown_large_lcm,961,236,4984,9824,1.0,529489921 mod 209280511440,symbolic_too_large
unknown_large_lcm,361,236,404,9792,1.0,9249601 mod 173453280,symbolic_too_large
unknown_large_lcm,361,236,436,9792,1.0,9249601 mod 173453280,symbolic_too_large
unknown_large_lcm,361,236,556,9792,1.0,9249601 mod 173453280,symbolic_too_large
unknown_large_lcm,361,236,804,9792,1.0,9249601 mod 173453280,symbolic_too_large
unknown_large_lcm,361,236,1460,9792,1.0,9249601 mod 173453280,symbolic_too_large
unknown_large_lcm,361,236,1644,9792,1.0,9249601 mod 173453280,symbolic_too_large
unknown_large_lcm,361,236,2260,9792,1.0,9249601 mod 173453280,symbolic_too_large
independent,361,236,2596,9792,1.0,9249601 mod 173453280,independent
unknown_large_lcm,361,236,2796,9792,1.0,9249601 mod 173453280,symbolic_too_large
unknown_large_lcm,361,236,3020,9792,1.0,9249601 mod 173453280,symbolic_too_large
unknown_large_lcm,961,236,664,9764,1.0,11772721 mod 132372240,symbolic_too_large
unknown_large_lcm,529,244,7224,9738,1.0,11532049 mod 187867680,symbolic_too_large
unknown_large_lcm,529,244,536,9715,1.0,11532049 mod 187867680,symbolic_too_large
unknown_large_lcm,361,236,244,9685,1.0,9249601 mod 173453280,symbolic_too_large
unknown_large_lcm,361,236,488,9685,1.0,9249601 mod 173453280,symbolic_too_large
unknown_large_lcm,361,236,568,9653,1.0,9249601 mod 173453280,symbolic_too_large
unknown_large_lcm,361,236,1420,9653,1.0,9249601 mod 173453280,symbolic_too_large
unknown_large_lcm,361,236,1704,9653,1.0,9249601 mod 173453280,symbolic_too_large
unknown_large_lcm,361,236,4260,9653,1.0,9249601 mod 173453280,symbolic_too_large
unknown_large_lcm,961,236,568,9641,1.0,11772721 mod 132372240,symbolic_too_large
unknown_large_lcm,961,236,852,9641,1.0,11772721 mod 132372240,symbolic_too_large
unknown_large_lcm,961,236,1704,9641,1.0,11772721 mod 132372240,symbolic_too_large
unknown_large_lcm,961,236,4260,9636,1.0,11772721 mod 132372240,symbolic_too_large
unknown_large_lcm,961,236,724,9633,1.0,11772721 mod 132372240,symbolic_too_large
unknown_large_lcm,961,236,1448,9633,1.0,11772721 mod 132372240,symbolic_too_large
unknown_large_lcm,961,236,536,9630,1.0,11772721 mod 132372240,symbolic_too_large
unknown_large_lcm,361,236,824,9604,1.0,9249601 mod 173453280,symbolic_too_large
unknown_large_lcm,361,236,1236,9604,1.0,9249601 mod 173453280,symbolic_too_large
unknown_large_lcm,361,236,856,9573,1.0,9249601 mod 173453280,symbolic_too_large
unknown_large_lcm,961,236,940,9556,1.0,11772721 mod 132372240,symbolic_too_large
unknown_large_lcm,961,236,1128,9556,1.0,11772721 mod 132372240,symbolic_too_large
unknown_large_lcm,529,244,3288,9547,1.0,11532049 mod 187867680,symbolic_too_large
unknown_large_lcm,529,244,7620,9546,1.0,11532049 mod 187867680,symbolic_too_large
unknown_large_lcm,529,244,424,9532,1.0,11532049 mod 187867680,symbolic_too_large
unknown_large_lcm,529,244,2120,9532,1.0,11532049 mod 187867680,symbolic_too_large
unknown_large_lcm,529,244,632,9492,1.0,11532049 mod 187867680,symbolic_too_large
unknown_large_lcm,529,244,1896,9492,1.0,11532049 mod 187867680,symbolic_too_large
unknown_large_lcm,961,236,3880,9488,1.0,11772721 mod 132372240,symbolic_too_large
unknown_large_lcm,361,236,664,9456,1.0,9249601 mod 173453280,symbolic_too_large
unknown_large_lcm,361,236,3880,9396,1.0,9249601 mod 173453280,symbolic_too_large
unknown_large_lcm,961,236,632,9387,1.0,11772721 mod 132372240,symbolic_too_large
unknown_large_lcm,961,236,1580,9387,1.0,11772721 mod 132372240,symbolic_too_large
unknown_large_lcm,961,236,1896,9387,1.0,11772721 mod 132372240,symbolic_too_large
unknown_large_lcm,529,244,4520,9373,1.0,11532049 mod 187867680,symbolic_too_large
unknown_large_lcm,361,236,5044,9346,1.0,9249601 mod 173453280,symbolic_too_large
unknown_large_lcm,529,244,2920,9342,1.0,11532049 mod 187867680,symbolic_too_large
unknown_large_lcm,529,244,4088,9342,1.0,11532049 mod 187867680,symbolic_too_large
unknown_large_lcm,841,212,404,9334,1.0,15376201 mod 508588080,symbolic_too_large
independent,841,212,424,9334,1.0,15376201 mod 508588080,independent
unknown_large_lcm,841,212,556,9334,1.0,15376201 mod 508588080,symbolic_too_large
unknown_large_lcm,841,212,596,9334,1.0,15376201 mod 508588080,symbolic_too_large
unknown_large_lcm,841,212,628,9334,1.0,15376201 mod 508588080,symbolic_too_large
unknown_large_lcm,841,212,1068,9334,1.0,15376201 mod 508588080,symbolic_too_large
unknown_large_lcm,841,212,2260,9334,1.0,15376201 mod 508588080,symbolic_too_large
unknown_large_lcm,841,212,2796,9334,1.0,15376201 mod 508588080,symbolic_too_large
unknown_large_lcm,841,212,2828,9334,1.0,15376201 mod 508588080,symbolic_too_large
unknown_large_lcm,841,212,2884,9334,1.0,15376201 mod 508588080,symbolic_too_large
unknown_large_lcm,841,212,3020,9334,1.0,15376201 mod 508588080,symbolic_too_large
unknown_large_lcm,841,212,1644,9307,1.0,15376201 mod 508588080,symbolic_too_large
unknown_large_lcm,961,236,488,9302,1.0,11772721 mod 132372240,symbolic_too_large
unknown_large_lcm,361,236,632,9234,1.0,9249601 mod 173453280,symbolic_too_large
unknown_large_lcm,361,236,1580,9234,1.0,9249601 mod 173453280,symbolic_too_large
unknown_large_lcm,361,236,1896,9234,1.0,9249601 mod 173453280,symbolic_too_large
unknown_large_lcm,361,236,424,9232,1.0,9249601 mod 173453280,symbolic_too_large
unknown_large_lcm,841,212,244,9222,1.0,15376201 mod 508588080,symbolic_too_large
unknown_large_lcm,841,212,488,9222,1.0,15376201 mod 508588080,symbolic_too_large
unknown_large_lcm,841,212,536,9193,1.0,15376201 mod 508588080,symbolic_too_large
unknown_large_lcm,841,212,804,9193,1.0,15376201 mod 508588080,symbolic_too_large
unknown_large_lcm,841,212,2948,9193,1.0,15376201 mod 508588080,symbolic_too_large
unknown_large_lcm,841,212,664,9138,1.0,15376201 mod 508588080,symbolic_too_large
unknown_large_lcm,841,212,436,9134,1.0,15376201 mod 508588080,symbolic_too_large
unknown_large_lcm,841,212,872,9134,1.0,15376201 mod 508588080,symbolic_too_large
unknown_large_lcm,361,236,6180,9129,1.0,10330681 mod 173453280,symbolic_too_large
unknown_large_lcm,841,212,428,9098,1.0,15376201 mod 508588080,symbolic_too_large
unknown_large_lcm,841,212,856,9098,1.0,15376201 mod 508588080,symbolic_too_large
unknown_large_lcm,841,212,568,9072,1.0,15376201 mod 508588080,symbolic_too_large
unknown_large_lcm,841,212,852,9072,1.0,15376201 mod 508588080,symbolic_too_large
unknown_large_lcm,841,212,1704,9072,1.0,15376201 mod 508588080,symbolic_too_large
unknown_large_lcm,361,236,940,9056,1.0,9249601 mod 173453280,symbolic_too_large
unknown_large_lcm,361,236,1128,9056,1.0,9249601 mod 173453280,symbolic_too_large
unknown_large_lcm,529,244,3108,8949,1.0,11532049 mod 187867680,symbolic_too_large
unknown_large_lcm,529,244,4440,8949,1.0,11532049 mod 187867680,symbolic_too_large
unknown_large_lcm,961,236,436,8903,1.0,11772721 mod 132372240,symbolic_too_large
unknown_large_lcm,961,236,872,8903,1.0,11772721 mod 132372240,symbolic_too_large
independent,961,236,248,8897,1.0,11772721 mod 132372240,independent
unknown_large_lcm,529,244,1128,8867,1.0,11532049 mod 187867680,symbolic_too_large
unknown_large_lcm,841,212,344,8810,1.0,15376201 mod 508588080,symbolic_too_large
unknown_large_lcm,361,236,1480,8808,1.0,9249601 mod 173453280,symbolic_too_large
unknown_large_lcm,361,236,3108,8808,1.0,9249601 mod 173453280,symbolic_too_large
unknown_large_lcm,961,236,5124,8792,1.0,529489921 mod 209280511440,symbolic_too_large
independent,841,244,248,8772,1.0,15376201 mod 508588080,independent
unknown_large_lcm,361,236,344,8666,1.0,9249601 mod 173453280,symbolic_too_large
unknown_large_lcm,841,212,940,8607,1.0,15376201 mod 508588080,symbolic_too_large
unknown_large_lcm,841,212,1128,8607,1.0,15376201 mod 508588080,symbolic_too_large
unknown_large_lcm,841,212,2296,8542,1.0,15376201 mod 508588080,symbolic_too_large
independent,841,212,248,8446,1.0,15376201 mod 508588080,independent
independent,841,212,1480,8368,1.0,15376201 mod 508588080,independent
unknown_large_lcm,961,236,344,8245,1.0,11772721 mod 132372240,symbolic_too_large
independent,361,244,248,8144,1.0,9249601 mod 173453280,independent
independent,361,236,248,8043,1.0,9249601 mod 173453280,independent
unknown_large_lcm,961,236,1480,7959,1.0,11772721 mod 132372240,symbolic_too_large
unknown_large_lcm,961,236,3108,7959,1.0,11772721 mod 132372240,symbolic_too_large
independent,361,236,1380,7928,1.0,9249601 mod 173453280,independent
unknown_large_lcm,361,236,6412,7925,1.0,1908106561 mod 427562335200,symbolic_too_large
independent,361,236,3016,7915,1.0,9249601 mod 173453280,independent
independent,529,244,248,7718,1.0,11532049 mod 187867680,independent
independent,529,244,3720,7718,1.0,11532049 mod 187867680,independent
unknown_large_lcm,529,248,404,7718,1.0,11532049 mod 187867680,symbolic_too_large
unknown_large_lcm,961,236,5412,7468,1.0,529489921 mod 209280511440,symbolic_too_large
independent,841,212,1380,7283,1.0,15376201 mod 508588080,independent
independent,961,248,344,7142,1.0,11772721 mod 132372240,independent
unknown_large_lcm,841,212,3948,7061,1.0,15376201 mod 508588080,symbolic_too_large
unknown_large_lcm,529,244,4824,7030,1.0,11532049 mod 187867680,symbolic_too_large
independent,289,116,244,6960,1.0,4564849 mod 38798760,independent
unknown_large_lcm,289,116,404,6960,1.0,4564849 mod 38798760,symbolic_too_large
unknown_large_lcm,289,116,428,6960,1.0,4564849 mod 38798760,symbolic_too_large
unknown_large_lcm,289,116,436,6960,1.0,4564849 mod 38798760,symbolic_too_large
independent,289,116,488,6960,1.0,4564849 mod 38798760,independent
unknown_large_lcm,289,116,556,6960,1.0,4564849 mod 38798760,symbolic_too_large
unknown_large_lcm,289,116,1068,6960,1.0,4564849 mod 38798760,symbolic_too_large
unknown_large_lcm,289,116,1644,6960,1.0,4564849 mod 38798760,symbolic_too_large
independent,289,116,1740,6960,1.0,4564849 mod 38798760,independent
independent,289,116,2440,6960,1.0,4564849 mod 38798760,independent
unknown_large_lcm,289,116,2796,6960,1.0,4564849 mod 38798760,symbolic_too_large
unknown_large_lcm,289,116,3980,6960,1.0,4564849 mod 38798760,symbolic_too_large
unknown_large_lcm,289,116,4108,6959,1.0,4564849 mod 38798760,symbolic_too_large
independent,961,236,1380,6899,1.0,11772721 mod 132372240,independent
independent,841,212,3864,6893,1.0,15376201 mod 508588080,independent
unknown_large_lcm,289,116,568,6676,1.0,4564849 mod 38798760,symbolic_too_large
unknown_large_lcm,289,116,852,6676,1.0,4564849 mod 38798760,symbolic_too_large
unknown_large_lcm,289,116,1704,6676,1.0,4564849 mod 38798760,symbolic_too_large
unknown_large_lcm,289,116,3692,6676,1.0,4564849 mod 38798760,symbolic_too_large
independent,289,116,536,6555,1.0,4564849 mod 38798760,independent
unknown_large_lcm,841,212,4260,6530,1.0,15376201 mod 508588080,symbolic_too_large
independent,289,116,424,6375,1.0,4564849 mod 38798760,independent
independent,289,116,2120,6375,1.0,4564849 mod 38798760,independent
independent,289,116,3108,6327,1.0,4564849 mod 38798760,independent
unknown_large_lcm,289,116,664,6322,1.0,4564849 mod 38798760,symbolic_too_large
independent,289,116,4440,6293,1.0,77717929 mod 130286236080,independent
unknown_large_lcm,289,116,2920,6168,1.0,4564849 mod 38798760,symbolic_too_large
unknown_large_lcm,289,116,4520,6161,1.0,77717929 mod 130286236080,symbolic_too_large
independent,289,116,3608,6010,1.0,4564849 mod 38798760,independent
unknown_large_lcm,289,116,1940,5847,1.0,4564849 mod 38798760,symbolic_too_large
independent,841,212,4452,5783,1.0,16577401 mod 508588080,independent
independent,289,184,244,5777,1.0,4564849 mod 38798760,independent
unknown_large_lcm,529,244,8148,5672,1.0,135452958169 mod 396212937120,symbolic_too_large
independent,289,116,344,5544,1.0,4564849 mod 38798760,independent
independent,289,116,248,5537,1.0,4564849 mod 38798760,independent
independent,289,116,3720,5537,1.0,4564849 mod 38798760,independent
unknown_large_lcm,289,116,5068,5534,1.0,77717929 mod 130286236080,symbolic_too_large
independent,961,236,2480,5463,1.0,11772721 mod 132372240,independent
unknown_large_lcm,289,116,3408,5427,0.9992634873872215,4564849 mod 38798760,symbolic_too_large
unknown_large_lcm,961,236,2256,5411,1.0,11772721 mod 132372240,symbolic_too_large
unknown_large_lcm,961,236,3760,5411,1.0,11772721 mod 132372240,symbolic_too_large
unknown_large_lcm,961,236,4216,5221,0.9158042448693212,11772721 mod 132372240,symbolic_too_large
independent,361,236,2832,5157,1.0,9249601 mod 173453280,independent
unknown_large_lcm,529,244,944,5116,1.0,11532049 mod 187867680,symbolic_too_large
unknown_large_lcm,529,244,2832,5116,1.0,11532049 mod 187867680,symbolic_too_large
independent,289,116,184,5047,1.0,4564849 mod 38798760,independent
independent,289,116,552,5047,1.0,4564849 mod 38798760,independent
independent,289,116,1196,5047,1.0,4564849 mod 38798760,independent
independent,289,116,1128,4939,1.0,4564849 mod 38798760,independent
unknown_large_lcm,361,236,2256,4759,1.0,9249601 mod 173453280,symbolic_too_large
unknown_large_lcm,361,236,3760,4759,1.0,9249601 mod 173453280,symbolic_too_large
independent,841,212,2544,4752,1.0,15376201 mod 508588080,independent
unknown_large_lcm,361,236,5680,4496,1.0,10330681 mod 173453280,symbolic_too_large
unknown_large_lcm,841,212,1968,4392,1.0,15376201 mod 508588080,symbolic_too_large
unknown_large_lcm,529,244,1968,4391,1.0,13093609 mod 187867680,symbolic_too_large
unknown_large_lcm,529,244,2256,4389,1.0,11532049 mod 187867680,symbolic_too_large
unknown_large_lcm,841,212,944,4346,1.0,15976801 mod 508588080,symbolic_too_large
unknown_large_lcm,841,212,1712,4346,1.0,15976801 mod 508588080,symbolic_too_large
unknown_large_lcm,841,212,2832,4346,1.0,15976801 mod 508588080,symbolic_too_large
unknown_large_lcm,361,236,1328,4299,1.0,10330681 mod 173453280,symbolic_too_large
unknown_large_lcm,961,236,3128,4244,0.9325422983959569,11772721 mod 132372240,symbolic_too_large
unknown_large_lcm,841,212,6180,4221,1.0,5086121881 mod 319901902320,symbolic_too_large
unknown_large_lcm,289,116,2544,4188,0.8182883939038686,4564849 mod 38798760,symbolic_too_large
unknown_large_lcm,529,244,2544,4159,1.0,13093609 mod 187867680,symbolic_too_large
unknown_large_lcm,841,212,2256,4087,1.0,15976801 mod 508588080,symbolic_too_large
unknown_large_lcm,841,212,3760,4087,1.0,15976801 mod 508588080,symbolic_too_large
independent,361,236,2480,4082,1.0,9249601 mod 173453280,independent
independent,841,212,2480,4069,1.0,15976801 mod 508588080,independent
unknown_large_lcm,289,116,944,3918,0.7786168521462639,4564849 mod 38798760,symbolic_too_large
unknown_large_lcm,289,116,2832,3918,0.7775352252431038,4564849 mod 38798760,symbolic_too_large
unknown_large_lcm,961,236,1328,3909,1.0,12853801 mod 132372240,symbolic_too_large
unknown_large_lcm,529,244,6608,3903,1.0,13093609 mod 187867680,symbolic_too_large
unknown_large_lcm,361,236,1968,3817,1.0,10330681 mod 173453280,symbolic_too_large
unknown_large_lcm,961,236,5512,3771,1.0,529489921 mod 209280511440,symbolic_too_large
unknown_large_lcm,289,116,3008,3691,0.9879550321199143,4564849 mod 38798760,symbolic_too_large
unknown_large_lcm,961,236,2544,3682,1.0,12853801 mod 132372240,symbolic_too_large
unknown_large_lcm,361,236,5848,3672,0.9994556341861731,10330681 mod 173453280,symbolic_too_large
unknown_large_lcm,289,116,1968,3498,0.732872407291012,4564849 mod 38798760,symbolic_too_large
unknown_large_lcm,961,236,1968,3459,1.0,12853801 mod 132372240,symbolic_too_large
unknown_large_lcm,289,116,2256,3355,0.8455141129032258,4564849 mod 38798760,symbolic_too_large
independent,529,244,6448,3313,1.0,13093609 mod 187867680,independent
unknown_large_lcm,361,236,7224,3297,1.0,520600441 mod 67820232480,symbolic_too_large
unknown_large_lcm,529,244,7812,3270,0.823262839879154,11532049 mod 187867680,symbolic_too_large
independent,289,244,248,3257,1.0,77717929 mod 130286236080,independent
unknown_large_lcm,289,116,7620,3233,1.0,77717929 mod 130286236080,symbolic_too_large
unknown_large_lcm,529,244,8584,3223,0.9969068976183112,189309649 mod 203460697440,symbolic_too_large
unknown_large_lcm,289,244,344,3067,1.0,427267129 mod 110654063520,symbolic_too_large
unknown_large_lcm,529,244,9380,2666,1.0,113098385929 mod 964324801440,symbolic_too_large
unknown_large_lcm,289,116,8520,2632,1.0,77717929 mod 130286236080,symbolic_too_large
independent,841,212,5016,2613,1.0,5086121881 mod 319901902320,independent
unknown_large_lcm,289,244,404,2310,1.0,333088075609 mod 957514598040,symbolic_too_large
unknown_large_lcm,289,244,424,2310,1.0,333088075609 mod 957514598040,symbolic_too_large
unknown_large_lcm,289,244,428,2310,1.0,333088075609 mod 957514598040,symbolic_too_large
unknown_large_lcm,289,244,436,2310,1.0,333088075609 mod 957514598040,symbolic_too_large
independent,289,244,488,2310,1.0,333088075609 mod 957514598040,independent
unknown_large_lcm,289,244,536,2310,1.0,333088075609 mod 957514598040,symbolic_too_large
unknown_large_lcm,289,244,556,2310,1.0,333088075609 mod 957514598040,symbolic_too_large
unknown_large_lcm,289,244,568,2310,1.0,333088075609 mod 957514598040,symbolic_too_large
unknown_large_lcm,289,244,664,2310,1.0,333088075609 mod 957514598040,symbolic_too_large
unknown_large_lcm,289,244,852,2310,1.0,333088075609 mod 957514598040,symbolic_too_large
unknown_large_lcm,289,244,1068,2310,1.0,333088075609 mod 957514598040,symbolic_too_large
unknown_large_lcm,289,244,1128,2310,1.0,333088075609 mod 957514598040,symbolic_too_large
unknown_large_lcm,289,244,1644,2310,1.0,333088075609 mod 957514598040,symbolic_too_large
unknown_large_lcm,289,244,1704,2310,1.0,333088075609 mod 957514598040,symbolic_too_large
unknown_large_lcm,289,244,1940,2310,1.0,333088075609 mod 957514598040,symbolic_too_large
unknown_large_lcm,289,244,2120,2310,1.0,333088075609 mod 957514598040,symbolic_too_large
independent,289,244,2440,2310,1.0,333088075609 mod 957514598040,independent
unknown_large_lcm,289,244,2796,2310,1.0,333088075609 mod 957514598040,symbolic_too_large
unknown_large_lcm,289,244,2920,2310,1.0,333088075609 mod 957514598040,symbolic_too_large
unknown_large_lcm,289,244,3608,2310,1.0,333088075609 mod 957514598040,symbolic_too_large
unknown_large_lcm,289,244,3692,2310,1.0,333088075609 mod 957514598040,symbolic_too_large
unknown_large_lcm,289,244,3980,2310,1.0,333088075609 mod 957514598040,symbolic_too_large
unknown_large_lcm,289,244,4108,2310,1.0,333088075609 mod 957514598040,symbolic_too_large
unknown_large_lcm,289,244,4520,2310,1.0,333088075609 mod 957514598040,symbolic_too_large
unknown_large_lcm,289,244,5068,2310,1.0,333088075609 mod 957514598040,symbolic_too_large
unknown_large_lcm,289,244,7620,2306,1.0,333088075609 mod 957514598040,symbolic_too_large
unknown_large_lcm,529,404,412,2282,1.0,1129488889 mod 238779821280,symbolic_too_large
independent,361,236,2992,2273,1.0,9249601 mod 173453280,independent
unknown_large_lcm,289,244,8520,2244,1.0,333088075609 mod 957514598040,symbolic_too_large
unknown_large_lcm,841,212,2584,2180,0.8005875872199779,15376201 mod 508588080,symbolic_too_large
independent,529,244,6944,1992,1.0,28108609 mod 187867680,independent
unknown_large_lcm,289,244,944,1972,1.0,333088075609 mod 957514598040,symbolic_too_large
unknown_large_lcm,289,244,2256,1972,1.0,333088075609 mod 957514598040,symbolic_too_large
unknown_large_lcm,289,244,2832,1972,1.0,333088075609 mod 957514598040,symbolic_too_large
unknown_large_lcm,289,244,3408,1972,1.0,333088075609 mod 957514598040,symbolic_too_large
unknown_large_lcm,361,244,344,1957,1.0,695735401 mod 446295289440,symbolic_too_large
unknown_large_lcm,289,244,1968,1951,1.0,333088075609 mod 957514598040,symbolic_too_large
unknown_large_lcm,289,244,2544,1951,1.0,333088075609 mod 957514598040,symbolic_too_large
unknown_large_lcm,529,244,5088,1944,1.0,14294809 mod 187867680,symbolic_too_large
unknown_large_lcm,289,244,3008,1920,1.0,333088075609 mod 957514598040,symbolic_too_large
independent,289,116,8584,1918,1.0,77717929 mod 130286236080,independent
unknown_large_lcm,289,116,5088,1884,0.864616796695732,77717929 mod 130286236080,symbolic_too_large
independent,841,212,6448,1829,1.0,13223771401 mod 198857939280,independent
unknown_large_lcm,289,244,5088,1812,1.0,333088075609 mod 957514598040,symbolic_too_large
independent,361,236,6944,1800,1.0,174414601 mod 67820232480,independent
unknown_large_lcm,961,248,404,1755,1.0,398318881 mod 620428688880,symbolic_too_large
unknown_large_lcm,289,244,3108,1702,1.0,350630569 mod 51757545840,symbolic_too_large
unknown_large_lcm,289,244,4440,1702,1.0,350630569 mod 51757545840,symbolic_too_large
independent,289,116,11256,1638,1.0,77717929 mod 130286236080,independent
unknown_large_lcm,841,244,344,1554,1.0,1018978801 mod 741012832560,symbolic_too_large
unknown_large_lcm,289,244,11256,1422,1.0,350630569 mod 51757545840,symbolic_too_large
unknown_large_lcm,361,236,7812,1377,0.9297771775827144,2255253361 mod 303716693280,symbolic_too_large
independent,289,244,3720,1371,1.0,333088075609 mod 957514598040,independent
independent,289,248,344,1371,1.0,333088075609 mod 957514598040,independent
unknown_large_lcm,529,244,12040,1363,1.0,2643169 mod 168893044320,symbolic_too_large
independent,289,116,1968,1275,0.26712759270898806,77717929 mod 130286236080,independent
independent,361,236,3808,1198,1.0,10931281 mod 173453280,independent
unknown_large_lcm,529,244,8816,1148,0.9982608695652174,1129488889 mod 238779821280,symbolic_too_large
independent,289,116,2832,1121,0.22246477475689622,1047686929 mod 130286236080,independent
independent,289,116,944,1114,0.22138314785373608,1047686929 mod 130286236080,independent
unknown_large_lcm,961,344,404,1103,1.0,529489921 mod 209280511440,symbolic_too_large
unknown_large_lcm,841,212,7080,990,1.0,2035794601 mod 613865812560,symbolic_too_large
independent,289,116,9744,953,1.0,77717929 mod 130286236080,independent
unknown_large_lcm,529,244,12460,952,1.0,356575499809 mod 506679132960,symbolic_too_large
independent,529,244,2668,944,1.0,15736249 mod 187867680,independent
unknown_large_lcm,289,344,404,939,1.0,193723770529 mod 802241960520,symbolic_too_large
independent,289,116,2544,930,0.1817116060961313,77717929 mod 130286236080,independent
unknown_large_lcm,289,244,9920,856,0.963963963963964,333088075609 mod 957514598040,symbolic_too_large
unknown_large_lcm,361,236,8280,839,0.7572202166064982,695735401 mod 446295289440,symbolic_too_large
independent,289,184,248,730,1.0,970690009 mod 41631069480,independent
unknown_large_lcm,289,184,404,730,1.0,970690009 mod 41631069480,symbolic_too_large
independent,289,184,424,730,1.0,970690009 mod 41631069480,independent
unknown_large_lcm,289,184,428,730,1.0,970690009 mod 41631069480,symbolic_too_large
unknown_large_lcm,289,184,436,730,1.0,970690009 mod 41631069480,symbolic_too_large
independent,289,184,488,730,1.0,970690009 mod 41631069480,independent
independent,289,184,536,730,1.0,970690009 mod 41631069480,independent
independent,289,184,552,730,1.0,970690009 mod 41631069480,independent
unknown_large_lcm,289,184,556,730,1.0,970690009 mod 41631069480,symbolic_too_large
independent,289,184,568,730,1.0,970690009 mod 41631069480,independent
independent,289,184,664,730,1.0,970690009 mod 41631069480,independent
independent,289,184,852,730,1.0,970690009 mod 41631069480,independent
unknown_large_lcm,289,184,1068,730,1.0,970690009 mod 41631069480,symbolic_too_large
independent,289,184,1196,730,1.0,970690009 mod 41631069480,independent
unknown_large_lcm,289,184,1644,730,1.0,970690009 mod 41631069480,symbolic_too_large
independent,289,184,1704,730,1.0,970690009 mod 41631069480,independent
unknown_large_lcm,289,184,1940,730,1.0,970690009 mod 41631069480,symbolic_too_large
independent,289,184,2120,730,1.0,970690009 mod 41631069480,independent
independent,289,184,2440,730,1.0,970690009 mod 41631069480,independent
unknown_large_lcm,289,184,2796,730,1.0,970690009 mod 41631069480,symbolic_too_large
independent,289,184,2920,730,1.0,970690009 mod 41631069480,independent
independent,289,184,3608,730,1.0,970690009 mod 41631069480,independent
independent,289,184,3692,730,1.0,970690009 mod 41631069480,independent
independent,289,184,3720,730,1.0,970690009 mod 41631069480,independent
unknown_large_lcm,289,184,3980,730,1.0,970690009 mod 41631069480,symbolic_too_large
independent,289,184,4108,730,1.0,970690009 mod 41631069480,independent
unknown_large_lcm,289,184,4520,730,1.0,970690009 mod 41631069480,symbolic_too_large
unknown_large_lcm,289,184,5068,730,1.0,970690009 mod 41631069480,symbolic_too_large
unknown_large_lcm,289,184,7620,716,1.0,500349529969 mod 666097111680,symbolic_too_large
independent,289,184,8520,716,1.0,500349529969 mod 666097111680,independent
independent,289,184,3108,713,1.0,1922209 mod 105765419760,independent
independent,289,184,4440,713,1.0,1922209 mod 105765419760,independent
independent,529,244,7812,702,0.17673716012084592,9394825969 mod 203460697440,independent
unknown_large_lcm,289,116,6624,669,0.9557142857142857,233453100169 mod 466671485280,symbolic_too_large
unknown_large_lcm,841,244,404,666,1.0,2038437241 mod 619968869520,symbolic_too_large
unknown_large_lcm,841,244,428,666,1.0,2038437241 mod 619968869520,symbolic_too_large
unknown_large_lcm,841,244,436,666,1.0,2038437241 mod 619968869520,symbolic_too_large
independent,841,244,488,666,1.0,2038437241 mod 619968869520,independent
unknown_large_lcm,841,244,536,666,1.0,2038437241 mod 619968869520,symbolic_too_large
unknown_large_lcm,841,244,556,666,1.0,2038437241 mod 619968869520,symbolic_too_large
unknown_large_lcm,841,244,568,666,1.0,2038437241 mod 619968869520,symbolic_too_large
unknown_large_lcm,841,244,596,666,1.0,2038437241 mod 619968869520,symbolic_too_large
unknown_large_lcm,841,244,628,666,1.0,2038437241 mod 619968869520,symbolic_too_large
unknown_large_lcm,841,244,664,666,1.0,2038437241 mod 619968869520,symbolic_too_large
unknown_large_lcm,841,244,804,666,1.0,2038437241 mod 619968869520,symbolic_too_large
unknown_large_lcm,841,244,852,666,1.0,2038437241 mod 619968869520,symbolic_too_large
unknown_large_lcm,841,244,856,666,1.0,2038437241 mod 619968869520,symbolic_too_large
unknown_large_lcm,841,244,872,666,1.0,2038437241 mod 619968869520,symbolic_too_large
unknown_large_lcm,841,244,940,666,1.0,2038437241 mod 619968869520,symbolic_too_large
unknown_large_lcm,841,244,1068,666,1.0,2038437241 mod 619968869520,symbolic_too_large
unknown_large_lcm,841,244,1128,666,1.0,2038437241 mod 619968869520,symbolic_too_large
unknown_large_lcm,841,244,1480,666,1.0,2038437241 mod 619968869520,symbolic_too_large
unknown_large_lcm,841,244,1644,666,1.0,2038437241 mod 619968869520,symbolic_too_large
unknown_large_lcm,841,244,1704,666,1.0,2038437241 mod 619968869520,symbolic_too_large
unknown_large_lcm,841,244,2260,666,1.0,2038437241 mod 619968869520,symbolic_too_large
unknown_large_lcm,841,244,2296,666,1.0,2038437241 mod 619968869520,symbolic_too_large
unknown_large_lcm,841,244,2796,666,1.0,2038437241 mod 619968869520,symbolic_too_large
unknown_large_lcm,841,244,2828,666,1.0,2038437241 mod 619968869520,symbolic_too_large
unknown_large_lcm,841,244,2884,666,1.0,2038437241 mod 619968869520,symbolic_too_large
unknown_large_lcm,841,244,2948,666,1.0,2038437241 mod 619968869520,symbolic_too_large
unknown_large_lcm,841,244,3020,666,1.0,2038437241 mod 619968869520,symbolic_too_large
unknown_large_lcm,841,244,3948,666,1.0,2038437241 mod 619968869520,symbolic_too_large
unknown_large_lcm,841,244,4260,647,1.0,2038437241 mod 619968869520,symbolic_too_large
unknown_large_lcm,841,212,4720,629,1.0,1018978801 mod 741012832560,symbolic_too_large
independent,529,244,16588,627,1.0,3389666809 mod 925999794720,independent
independent,289,116,2256,613,0.1544858870967742,1047686929 mod 130286236080,independent
unknown_large_lcm,961,236,5848,599,1.0,266427121 mod 250315905840,symbolic_too_large
unknown_large_lcm,289,116,8556,595,0.9139784946236559,256228332649 mod 754092699360,symbolic_too_large
unknown_large_lcm,289,116,11844,557,0.8716744913928013,1474473289 mod 521144944320,symbolic_too_large
independent,961,236,3944,553,1.0,29070001 mod 132372240,independent
independent,841,248,344,550,1.0,2038437241 mod 619968869520,independent
independent,841,212,2584,543,0.19941241278002203,10680590761 mod 319901902320,independent
independent,289,184,8556,542,1.0,500349529969 mod 666097111680,independent
independent,841,244,1380,540,1.0,3056334121 mod 458237860080,independent
independent,841,244,3864,540,1.0,3056334121 mod 458237860080,independent
independent,529,244,9548,529,1.0,205532527729 mod 604746061920,independent
independent,961,236,4216,480,0.08419575513067883,20650310641 mod 200279199120,independent
unknown_large_lcm,289,116,9920,456,0.8803088803088803,337552095169 mod 851322391920,symbolic_too_large
independent,289,116,6080,451,1.0,42162409 mod 107588961480,independent
unknown_large_lcm,841,244,1968,445,1.0,2038437241 mod 619968869520,symbolic_too_large
independent,841,244,5016,445,1.0,2038437241 mod 619968869520,independent
unknown_large_lcm,841,244,6180,445,1.0,2038437241 mod 619968869520,symbolic_too_large
unknown_large_lcm,841,244,7080,445,1.0,2038437241 mod 619968869520,symbolic_too_large
unknown_large_lcm,289,116,14028,431,1.0,17304367369 mod 781717416480,symbolic_too_large
unknown_large_lcm,841,244,7896,426,1.0,2038437241 mod 619968869520,symbolic_too_large
independent,841,212,4784,391,1.0,1018978801 mod 741012832560,independent
independent,289,184,944,386,0.965,500349529969 mod 666097111680,independent
independent,289,184,2832,386,0.965,500349529969 mod 666097111680,independent
independent,289,184,3408,386,0.965,500349529969 mod 666097111680,independent
independent,289,184,344,382,1.0,970690009 mod 41631069480,independent
unknown_large_lcm,289,244,14028,374,1.0,350630569 mod 51757545840,symbolic_too_large
independent,289,184,1128,365,1.0,970690009 mod 41631069480,independent
unknown_large_lcm,961,236,6180,359,1.0,928408441 mod 347741874480,symbolic_too_large
unknown_large_lcm,841,244,2584,354,0.9291338582677166,2038437241 mod 619968869520,symbolic_too_large
unknown_large_lcm,841,244,7616,354,0.9698630136986301,2038437241 mod 619968869520,symbolic_too_large
independent,529,244,2852,348,1.0,47327809 mod 187867680,independent
independent,289,184,1968,344,1.0,970690009 mod 41631069480,independent
independent,289,184,2544,330,0.9593023255813954,9894404809 mod 166524277920,independent
independent,529,244,2584,325,1.0,26907409 mod 187867680,independent
independent,361,248,344,315,1.0,522522361 mod 173973639840,independent
unknown_large_lcm,289,244,14740,312,1.0,350630569 mod 51757545840,symbolic_too_large
unknown_large_lcm,289,184,5088,311,0.9688473520249221,583903609 mod 105765419760,symbolic_too_large
independent,961,236,3128,307,0.06745770160404307,41167767601 mod 209280511440,independent
independent,289,116,5088,295,0.135383203304268,145883458009 mod 521144944320,independent
independent,289,184,6624,294,1.0,9894404809 mod 166524277920,independent
independent,289,116,3128,285,1.0,17057329 mod 38798760,independent
independent,361,236,8280,269,0.2427797833935018,163740617401 mod 380383043040,independent
unknown_large_lcm,289,244,11844,238,1.0,350630569 mod 51757545840,symbolic_too_large
unknown_large_lcm,841,344,404,228,1.0,522282601 mod 835610215440,symbolic_too_large
unknown_large_lcm,841,244,944,221,1.0,1535494801 mod 458237860080,symbolic_too_large
unknown_large_lcm,841,244,1712,221,1.0,1535494801 mod 458237860080,symbolic_too_large
unknown_large_lcm,841,244,2256,221,1.0,1535494801 mod 458237860080,symbolic_too_large
independent,841,244,2480,221,1.0,1535494801 mod 458237860080,independent
unknown_large_lcm,841,244,2832,221,1.0,1535494801 mod 458237860080,symbolic_too_large
unknown_large_lcm,841,244,3760,221,1.0,1535494801 mod 458237860080,symbolic_too_large
independent,841,244,6448,217,1.0,2038437241 mod 619968869520,independent
unknown_large_lcm,361,236,10248,213,1.0,135467732761 mod 380383043040,symbolic_too_large
unknown_large_lcm,361,244,404,208,1.0,522522361 mod 173973639840,symbolic_too_large
unknown_large_lcm,361,244,424,208,1.0,522522361 mod 173973639840,symbolic_too_large
unknown_large_lcm,361,244,436,208,1.0,522522361 mod 173973639840,symbolic_too_large
independent,361,244,488,208,1.0,522522361 mod 173973639840,independent
unknown_large_lcm,361,244,556,208,1.0,522522361 mod 173973639840,symbolic_too_large
unknown_large_lcm,361,244,568,208,1.0,522522361 mod 173973639840,symbolic_too_large
unknown_large_lcm,361,244,632,208,1.0,522522361 mod 173973639840,symbolic_too_large
unknown_large_lcm,361,244,664,208,1.0,522522361 mod 173973639840,symbolic_too_large
unknown_large_lcm,361,244,804,208,1.0,522522361 mod 173973639840,symbolic_too_large
unknown_large_lcm,361,244,824,208,1.0,522522361 mod 173973639840,symbolic_too_large
unknown_large_lcm,361,244,856,208,1.0,522522361 mod 173973639840,symbolic_too_large
unknown_large_lcm,361,244,940,208,1.0,522522361 mod 173973639840,symbolic_too_large
unknown_large_lcm,361,244,1128,208,1.0,522522361 mod 173973639840,symbolic_too_large
unknown_large_lcm,361,244,1236,208,1.0,522522361 mod 173973639840,symbolic_too_large
independent,361,244,1380,208,1.0,522522361 mod 173973639840,independent
unknown_large_lcm,361,244,1420,208,1.0,522522361 mod 173973639840,symbolic_too_large
unknown_large_lcm,361,244,1460,208,1.0,522522361 mod 173973639840,symbolic_too_large
unknown_large_lcm,361,244,1480,208,1.0,522522361 mod 173973639840,symbolic_too_large
unknown_large_lcm,361,244,1580,208,1.0,522522361 mod 173973639840,symbolic_too_large
unknown_large_lcm,361,244,1644,208,1.0,522522361 mod 173973639840,symbolic_too_large
unknown_large_lcm,361,244,1704,208,1.0,522522361 mod 173973639840,symbolic_too_large
unknown_large_lcm,361,244,1896,208,1.0,522522361 mod 173973639840,symbolic_too_large
unknown_large_lcm,361,244,2260,208,1.0,522522361 mod 173973639840,symbolic_too_large
unknown_large_lcm,361,244,2796,208,1.0,522522361 mod 173973639840,symbolic_too_large
independent,361,244,3016,208,1.0,522522361 mod 173973639840,independent
unknown_large_lcm,361,244,3020,208,1.0,522522361 mod 173973639840,symbolic_too_large
unknown_large_lcm,361,244,3108,208,1.0,522522361 mod 173973639840,symbolic_too_large
unknown_large_lcm,361,244,3880,208,1.0,522522361 mod 173973639840,symbolic_too_large
unknown_large_lcm,361,244,4260,208,1.0,522522361 mod 173973639840,symbolic_too_large
unknown_large_lcm,361,244,5044,208,1.0,522522361 mod 173973639840,symbolic_too_large
unknown_large_lcm,361,244,6180,208,1.0,522522361 mod 173973639840,symbolic_too_large
unknown_large_lcm,361,244,6412,208,1.0,522522361 mod 173973639840,symbolic_too_large
unknown_large_lcm,361,244,7224,208,1.0,522522361 mod 173973639840,symbolic_too_large
unknown_large_lcm,841,212,7616,207,0.9495412844036697,5088284041 mod 647432625840,symbolic_too_large
independent,289,116,14740,193,1.0,11989297609 mod 331962190560,independent
unknown_large_lcm,289,184,3008,188,1.0,970690009 mod 41631069480,symbolic_too_large
unknown_large_lcm,289,244,14924,185,1.0,156787230889 mod 414060366720,symbolic_too_large
independent,289,184,2256,183,0.9289340101522843,500349529969 mod 666097111680,independent
unknown_large_lcm,361,244,7812,181,0.9945054945054945,522522361 mod 173973639840,symbolic_too_large
unknown_large_lcm,289,184,9920,175,0.9162303664921466,1922209 mod 105765419760,symbolic_too_large
independent,361,236,8568,175,0.5537974683544303,7291764841 mod 209358108960,independent
independent,841,212,3944,142,1.0,15376201 mod 508588080,independent
unknown_large_lcm,361,236,8568,141,0.4462025316455696,699699361 mod 252721428960,symbolic_too_large
unknown_large_lcm,361,244,1328,115,1.0,522522361 mod 173973639840,symbolic_too_large
unknown_large_lcm,361,244,1968,115,1.0,522522361 mod 173973639840,symbolic_too_large
unknown_large_lcm,361,244,5680,115,1.0,522522361 mod 173973639840,symbolic_too_large
independent,361,236,7812,104,0.07022282241728561,128009241721 mod 380383043040,independent
independent,289,244,6624,103,1.0,251804673409 mod 957514598040,independent
unknown_large_lcm,361,244,2256,93,1.0,2433030961 mod 173973639840,symbolic_too_large
independent,361,244,2480,93,1.0,2433030961 mod 173973639840,independent
unknown_large_lcm,361,244,3760,93,1.0,2433030961 mod 173973639840,symbolic_too_large
unknown_large_lcm,841,212,7896,90,1.0,6613087321 mod 613865812560,symbolic_too_large
independent,289,244,8556,84,1.0,87453126049 mod 957514598040,independent
independent,289,116,11844,82,0.12832550860719874,117832314889 mod 331962190560,independent
unknown_large_lcm,289,244,8584,80,1.0,10360710649 mod 51757545840,symbolic_too_large
independent,289,244,9744,67,1.0,630402973489 mod 957514598040,independent
independent,289,116,9920,62,0.11969111969111969,12842509969 mod 260572472160,independent
unknown_large_lcm,289,244,16296,59,1.0,357764807689 mod 931635825120,symbolic_too_large
independent,289,116,8556,56,0.08602150537634409,12687314929 mod 130286236080,independent
independent,289,184,11256,50,1.0,9894404809 mod 166524277920,independent
independent,289,116,3008,45,0.012044967880085654,278886448129 mod 933342970560,independent
independent,289,116,12528,38,1.0,209322073249 mod 815394740160,independent
independent,289,244,9920,32,0.036036036036036036,250098368809 mod 802241960520,independent
independent,289,116,6624,31,0.04428571428571428,3026423689 mod 130286236080,independent
independent,841,244,2584,27,0.07086614173228346,17296800361 mod 458237860080,independent
independent,289,116,13940,20,1.0,637271194849 mod 663924381120,independent
unknown_large_lcm,361,244,5848,20,1.0,15959864281 mod 173973639840,symbolic_too_large
independent,289,184,3128,17,1.0,970690009 mod 41631069480,independent
independent,289,184,9920,16,0.08376963350785341,529139411089 mod 846123358080,independent
independent,289,116,14924,16,1.0,3999155449 mod 567548261280,independent
unknown_large_lcm,289,184,944,14,0.035,970690009 mod 41631069480,symbolic_too_large
unknown_large_lcm,289,184,2256,14,0.07106598984771574,970690009 mod 41631069480,symbolic_too_large
unknown_large_lcm,289,184,2544,14,0.040697674418604654,970690009 mod 41631069480,symbolic_too_large
unknown_large_lcm,289,184,2832,14,0.035,970690009 mod 41631069480,symbolic_too_large
unknown_large_lcm,289,184,3408,14,0.035,970690009 mod 41631069480,symbolic_too_large
independent,529,244,8928,14,1.0,111220309729 mod 168893044320,independent
independent,841,212,7616,11,0.05045871559633028,2035794601 mod 613865812560,independent
independent,841,244,7616,11,0.030136986301369864,22382681161 mod 458237860080,independent
independent,289,184,5088,10,0.03115264797507788,2756634169 mod 211530839520,independent
unknown_large_lcm,361,236,10360,10,1.0,12494522401 mod 758164286880,symbolic_too_large
independent,529,244,8584,10,0.003093102381688834,14285151409 mod 660354895200,independent
independent,289,184,8584,5,1.0,28325017009 mod 105765419760,independent
independent,289,116,3408,4,0.0007365126127784938,21924062449 mod 101924342520,independent
independent,361,244,8280,3,1.0,360438078361 mod 521920919520,independent
independent,361,244,10248,3,1.0,206240634961 mod 521920919520,independent
unknown_large_lcm,841,212,8280,3,1.0,23408265721 mod 908338310880,symbolic_too_large
unknown_large_lcm,289,184,14028,2,1.0,127300653769 mod 634592518560,symbolic_too_large
independent,361,236,5848,2,0.0005443658138268917,210059730241 mod 350549078880,independent
independent,529,244,8816,2,0.0017391304347826088,570557628169 mod 964324801440,independent
independent,361,244,7812,1,0.005494505494505495,277876839601 mod 521920919520,independent
