n,method,x,y,z,verified,d,a,b,n_mod_4,n_mod_8,n_mod_12,n_mod_24,n_mod_60,n_mod_120,n_mod_840
2,formula_even,1,2,2,True,,,,2,2,2,2,2,2,2
3,formula_divisible_by_3,1,6,6,True,,,,3,3,3,3,3,3,3
4,formula_even,2,4,4,True,,,,0,4,4,4,4,4,4
5,general_key_d_3,2,20,4,True,3,2,10,1,5,5,5,5,5,5
6,formula_even,3,6,6,True,,,,2,6,6,6,6,6,6
7,formula_3_mod_4,2,28,28,True,,,,3,7,7,7,7,7,7
8,formula_even,4,8,8,True,,,,0,0,8,8,8,8,8
9,formula_divisible_by_3,3,18,18,True,,,,1,1,9,9,9,9,9
10,formula_even,5,10,10,True,,,,2,2,10,10,10,10,10
11,formula_3_mod_4,3,66,66,True,,,,3,3,11,11,11,11,11
12,formula_even,6,12,12,True,,,,0,4,0,12,12,12,12
13,general_key_d_3,4,52,26,True,3,4,8,1,5,1,13,13,13,13
14,formula_even,7,14,14,True,,,,2,6,2,14,14,14,14
15,formula_divisible_by_3,5,30,30,True,,,,3,7,3,15,15,15,15
16,formula_even,8,16,16,True,,,,0,0,4,16,16,16,16
17,general_key_d_3,5,170,34,True,3,2,10,1,1,5,17,17,17,17
18,formula_even,9,18,18,True,,,,2,2,6,18,18,18,18
19,formula_3_mod_4,5,190,190,True,,,,3,3,7,19,19,19,19
20,formula_even,10,20,20,True,,,,0,4,8,20,20,20,20
21,formula_divisible_by_3,7,42,42,True,,,,1,5,9,21,21,21,21
22,formula_even,11,22,22,True,,,,2,6,10,22,22,22,22
23,formula_3_mod_4,6,276,276,True,,,,3,7,11,23,23,23,23
24,formula_even,12,24,24,True,,,,0,0,0,0,24,24,24
25,general_key_d_3,7,350,70,True,3,2,10,1,1,1,1,25,25,25
26,formula_even,13,26,26,True,,,,2,2,2,2,26,26,26
27,formula_divisible_by_3,9,54,54,True,,,,3,3,3,3,27,27,27
28,formula_even,14,28,28,True,,,,0,4,4,4,28,28,28
29,general_key_d_3,8,232,116,True,3,4,8,1,5,5,5,29,29,29
30,formula_even,15,30,30,True,,,,2,6,6,6,30,30,30
31,formula_3_mod_4,8,496,496,True,,,,3,7,7,7,31,31,31
32,formula_even,16,32,32,True,,,,0,0,8,8,32,32,32
33,formula_divisible_by_3,11,66,66,True,,,,1,1,9,9,33,33,33
34,formula_even,17,34,34,True,,,,2,2,10,10,34,34,34
35,formula_3_mod_4,9,630,630,True,,,,3,3,11,11,35,35,35
36,formula_even,18,36,36,True,,,,0,4,0,12,36,36,36
37,general_key_d_3,10,740,148,True,3,2,10,1,5,1,13,37,37,37
38,formula_even,19,38,38,True,,,,2,6,2,14,38,38,38
39,formula_divisible_by_3,13,78,78,True,,,,3,7,3,15,39,39,39
40,formula_even,20,40,40,True,,,,0,0,4,16,40,40,40
41,general_key_d_3,11,1804,164,True,3,1,11,1,1,5,17,41,41,41
42,formula_even,21,42,42,True,,,,2,2,6,18,42,42,42
43,formula_3_mod_4,11,946,946,True,,,,3,3,7,19,43,43,43
44,formula_even,22,44,44,True,,,,0,4,8,20,44,44,44
45,formula_divisible_by_3,15,90,90,True,,,,1,5,9,21,45,45,45
46,formula_even,23,46,46,True,,,,2,6,10,22,46,46,46
47,formula_3_mod_4,12,1128,1128,True,,,,3,7,11,23,47,47,47
48,formula_even,24,48,48,True,,,,0,0,0,0,48,48,48
49,general_key_d_7,14,196,196,True,7,14,14,1,1,1,1,49,49,49
50,formula_even,25,50,50,True,,,,2,2,2,2,50,50,50
51,formula_divisible_by_3,17,102,102,True,,,,3,3,3,3,51,51,51
52,formula_even,26,52,52,True,,,,0,4,4,4,52,52,52
53,general_key_d_3,14,742,371,True,3,4,8,1,5,5,5,53,53,53
54,formula_even,27,54,54,True,,,,2,6,6,6,54,54,54
55,formula_3_mod_4,14,1540,1540,True,,,,3,7,7,7,55,55,55
56,formula_even,28,56,56,True,,,,0,0,8,8,56,56,56
57,formula_divisible_by_3,19,114,114,True,,,,1,1,9,9,57,57,57
58,formula_even,29,58,58,True,,,,2,2,10,10,58,58,58
59,formula_3_mod_4,15,1770,1770,True,,,,3,3,11,11,59,59,59
60,formula_even,30,60,60,True,,,,0,4,0,12,0,60,60
61,general_key_d_3,16,976,488,True,3,4,8,1,5,1,13,1,61,61
62,formula_even,31,62,62,True,,,,2,6,2,14,2,62,62
63,formula_divisible_by_3,21,126,126,True,,,,3,7,3,15,3,63,63
64,formula_even,32,64,64,True,,,,0,0,4,16,4,64,64
65,general_key_d_3,17,2210,442,True,3,2,10,1,1,5,17,5,65,65
66,formula_even,33,66,66,True,,,,2,2,6,18,6,66,66
67,formula_3_mod_4,17,2278,2278,True,,,,3,3,7,19,7,67,67
68,formula_even,34,68,68,True,,,,0,4,8,20,8,68,68
69,formula_divisible_by_3,23,138,138,True,,,,1,5,9,21,9,69,69
70,formula_even,35,70,70,True,,,,2,6,10,22,10,70,70
71,formula_3_mod_4,18,2556,2556,True,,,,3,7,11,23,11,71,71
72,formula_even,36,72,72,True,,,,0,0,0,0,12,72,72
73,general_key_d_7,20,730,292,True,7,8,20,1,1,1,1,13,73,73
74,formula_even,37,74,74,True,,,,2,2,2,2,14,74,74
75,formula_divisible_by_3,25,150,150,True,,,,3,3,3,3,15,75,75
76,formula_even,38,76,76,True,,,,0,4,4,4,16,76,76
77,general_key_d_3,20,6160,560,True,3,1,11,1,5,5,5,17,77,77
78,formula_even,39,78,78,True,,,,2,6,6,6,18,78,78
79,formula_3_mod_4,20,3160,3160,True,,,,3,7,7,7,19,79,79
80,formula_even,40,80,80,True,,,,0,0,8,8,20,80,80
81,formula_divisible_by_3,27,162,162,True,,,,1,1,9,9,21,81,81
82,formula_even,41,82,82,True,,,,2,2,10,10,22,82,82
83,formula_3_mod_4,21,3486,3486,True,,,,3,3,11,11,23,83,83
84,formula_even,42,84,84,True,,,,0,4,0,12,24,84,84
85,general_key_d_3,22,7480,680,True,3,1,11,1,5,1,13,25,85,85
86,formula_even,43,86,86,True,,,,2,6,2,14,26,86,86
87,formula_divisible_by_3,29,174,174,True,,,,3,7,3,15,27,87,87
88,formula_even,44,88,88,True,,,,0,0,4,16,28,88,88
89,general_key_d_7,24,2136,356,True,7,4,24,1,1,5,17,29,89,89
90,formula_even,45,90,90,True,,,,2,2,6,18,30,90,90
91,formula_3_mod_4,23,4186,4186,True,,,,3,3,7,19,31,91,91
92,formula_even,46,92,92,True,,,,0,4,8,20,32,92,92
93,formula_divisible_by_3,31,186,186,True,,,,1,5,9,21,33,93,93
94,formula_even,47,94,94,True,,,,2,6,10,22,34,94,94
95,formula_3_mod_4,24,4560,4560,True,,,,3,7,11,23,35,95,95
96,formula_even,48,96,96,True,,,,0,0,0,0,36,96,96
97,general_key_d_3,25,4850,970,True,3,2,10,1,1,1,1,37,97,97
98,formula_even,49,98,98,True,,,,2,2,2,2,38,98,98
99,formula_divisible_by_3,33,198,198,True,,,,3,3,3,3,39,99,99
100,formula_even,50,100,100,True,,,,0,4,4,4,40,100,100
101,general_key_d_3,26,2626,1313,True,3,4,8,1,5,5,5,41,101,101
102,formula_even,51,102,102,True,,,,2,6,6,6,42,102,102
103,formula_3_mod_4,26,5356,5356,True,,,,3,7,7,7,43,103,103
104,formula_even,52,104,104,True,,,,0,0,8,8,44,104,104
105,formula_divisible_by_3,35,210,210,True,,,,1,1,9,9,45,105,105
106,formula_even,53,106,106,True,,,,2,2,10,10,46,106,106
107,formula_3_mod_4,27,5778,5778,True,,,,3,3,11,11,47,107,107
108,formula_even,54,108,108,True,,,,0,4,0,12,48,108,108
109,general_key_d_3,28,3052,1526,True,3,4,8,1,5,1,13,49,109,109
110,formula_even,55,110,110,True,,,,2,6,2,14,50,110,110
111,formula_divisible_by_3,37,222,222,True,,,,3,7,3,15,51,111,111
112,formula_even,56,112,112,True,,,,0,0,4,16,52,112,112
113,general_key_d_7,30,3390,565,True,7,4,24,1,1,5,17,53,113,113
114,formula_even,57,114,114,True,,,,2,2,6,18,54,114,114
115,formula_3_mod_4,29,6670,6670,True,,,,3,3,7,19,55,115,115
116,formula_even,58,116,116,True,,,,0,4,8,20,56,116,116
117,formula_divisible_by_3,39,234,234,True,,,,1,5,9,21,57,117,117
118,formula_even,59,118,118,True,,,,2,6,10,22,58,118,118
119,formula_3_mod_4,30,7140,7140,True,,,,3,7,11,23,59,119,119
120,formula_even,60,120,120,True,,,,0,0,0,0,0,0,120
121,general_key_d_3,31,15004,1364,True,3,1,11,1,1,1,1,1,1,121
122,formula_even,61,122,122,True,,,,2,2,2,2,2,2,122
123,formula_divisible_by_3,41,246,246,True,,,,3,3,3,3,3,3,123
124,formula_even,62,124,124,True,,,,0,4,4,4,4,4,124
125,general_key_d_3,32,8000,1600,True,3,2,10,1,5,5,5,5,5,125
126,formula_even,63,126,126,True,,,,2,6,6,6,6,6,126
127,formula_3_mod_4,32,8128,8128,True,,,,3,7,7,7,7,7,127
128,formula_even,64,128,128,True,,,,0,0,8,8,8,8,128
129,formula_divisible_by_3,43,258,258,True,,,,1,1,9,9,9,9,129
130,formula_even,65,130,130,True,,,,2,2,10,10,10,10,130
131,formula_3_mod_4,33,8646,8646,True,,,,3,3,11,11,11,11,131
132,formula_even,66,132,132,True,,,,0,4,0,12,12,12,132
133,general_key_d_3,34,4522,2261,True,3,4,8,1,5,1,13,13,13,133
134,formula_even,67,134,134,True,,,,2,6,2,14,14,14,134
135,formula_divisible_by_3,45,270,270,True,,,,3,7,3,15,15,15,135
136,formula_even,68,136,136,True,,,,0,0,4,16,16,16,136
137,general_key_d_3,35,9590,1918,True,3,2,10,1,1,5,17,17,17,137
138,formula_even,69,138,138,True,,,,2,2,6,18,18,18,138
139,formula_3_mod_4,35,9730,9730,True,,,,3,3,7,19,19,19,139
140,formula_even,70,140,140,True,,,,0,4,8,20,20,20,140
141,formula_divisible_by_3,47,282,282,True,,,,1,5,9,21,21,21,141
142,formula_even,71,142,142,True,,,,2,6,10,22,22,22,142
143,formula_3_mod_4,36,10296,10296,True,,,,3,7,11,23,23,23,143
144,formula_even,72,144,144,True,,,,0,0,0,0,24,24,144
145,general_key_d_3,37,10730,2146,True,3,2,10,1,1,1,1,25,25,145
146,formula_even,73,146,146,True,,,,2,2,2,2,26,26,146
147,formula_divisible_by_3,49,294,294,True,,,,3,3,3,3,27,27,147
148,formula_even,74,148,148,True,,,,0,4,4,4,28,28,148
149,general_key_d_3,38,5662,2831,True,3,4,8,1,5,5,5,29,29,149
150,formula_even,75,150,150,True,,,,2,6,6,6,30,30,150
151,formula_3_mod_4,38,11476,11476,True,,,,3,7,7,7,31,31,151
152,formula_even,76,152,152,True,,,,0,0,8,8,32,32,152
153,formula_divisible_by_3,51,306,306,True,,,,1,1,9,9,33,33,153
154,formula_even,77,154,154,True,,,,2,2,10,10,34,34,154
155,formula_3_mod_4,39,12090,12090,True,,,,3,3,11,11,35,35,155
156,formula_even,78,156,156,True,,,,0,4,0,12,36,36,156
157,general_key_d_3,40,12560,2512,True,3,2,10,1,5,1,13,37,37,157
158,formula_even,79,158,158,True,,,,2,6,2,14,38,38,158
159,formula_divisible_by_3,53,318,318,True,,,,3,7,3,15,39,39,159
160,formula_even,80,160,160,True,,,,0,0,4,16,40,40,160
161,general_key_d_7,42,6762,1127,True,7,4,24,1,1,5,17,41,41,161
162,formula_even,81,162,162,True,,,,2,2,6,18,42,42,162
163,formula_3_mod_4,41,13366,13366,True,,,,3,3,7,19,43,43,163
164,formula_even,82,164,164,True,,,,0,4,8,20,44,44,164
165,formula_divisible_by_3,55,330,330,True,,,,1,5,9,21,45,45,165
166,formula_even,83,166,166,True,,,,2,6,10,22,46,46,166
167,formula_3_mod_4,42,14028,14028,True,,,,3,7,11,23,47,47,167
168,formula_even,84,168,168,True,,,,0,0,0,0,48,48,168
169,general_key_d_7,44,14872,1144,True,7,2,26,1,1,1,1,49,49,169
170,formula_even,85,170,170,True,,,,2,2,2,2,50,50,170
171,formula_divisible_by_3,57,342,342,True,,,,3,3,3,3,51,51,171
172,formula_even,86,172,172,True,,,,0,4,4,4,52,52,172
173,general_key_d_3,44,30448,2768,True,3,1,11,1,5,5,5,53,53,173
174,formula_even,87,174,174,True,,,,2,6,6,6,54,54,174
175,formula_3_mod_4,44,15400,15400,True,,,,3,7,7,7,55,55,175
176,formula_even,88,176,176,True,,,,0,0,8,8,56,56,176
177,formula_divisible_by_3,59,354,354,True,,,,1,1,9,9,57,57,177
178,formula_even,89,178,178,True,,,,2,2,10,10,58,58,178
179,formula_3_mod_4,45,16110,16110,True,,,,3,3,11,11,59,59,179
180,formula_even,90,180,180,True,,,,0,4,0,12,0,60,180
181,general_key_d_3,46,8326,4163,True,3,4,8,1,5,1,13,1,61,181
182,formula_even,91,182,182,True,,,,2,6,2,14,2,62,182
183,formula_divisible_by_3,61,366,366,True,,,,3,7,3,15,3,63,183
184,formula_even,92,184,184,True,,,,0,0,4,16,4,64,184
185,general_key_d_3,47,17390,3478,True,3,2,10,1,1,5,17,5,65,185
186,formula_even,93,186,186,True,,,,2,2,6,18,6,66,186
187,formula_3_mod_4,47,17578,17578,True,,,,3,3,7,19,7,67,187
188,formula_even,94,188,188,True,,,,0,4,8,20,8,68,188
189,formula_divisible_by_3,63,378,378,True,,,,1,5,9,21,9,69,189
190,formula_even,95,190,190,True,,,,2,6,10,22,10,70,190
191,formula_3_mod_4,48,18336,18336,True,,,,3,7,11,23,11,71,191
192,formula_even,96,192,192,True,,,,0,0,0,0,12,72,192
193,general_key_d_7,50,4825,1930,True,7,8,20,1,1,1,1,13,73,193
194,formula_even,97,194,194,True,,,,2,2,2,2,14,74,194
195,formula_divisible_by_3,65,390,390,True,,,,3,3,3,3,15,75,195
196,formula_even,98,196,196,True,,,,0,4,4,4,16,76,196
197,general_key_d_3,50,19700,3940,True,3,2,10,1,5,5,5,17,77,197
198,formula_even,99,198,198,True,,,,2,6,6,6,18,78,198
199,formula_3_mod_4,50,19900,19900,True,,,,3,7,7,7,19,79,199
200,formula_even,100,200,200,True,,,,0,0,8,8,20,80,200
201,formula_divisible_by_3,67,402,402,True,,,,1,1,9,9,21,81,201
202,formula_even,101,202,202,True,,,,2,2,10,10,22,82,202
203,formula_3_mod_4,51,20706,20706,True,,,,3,3,11,11,23,83,203
204,formula_even,102,204,204,True,,,,0,4,0,12,24,84,204
205,general_key_d_3,52,21320,4264,True,3,2,10,1,5,1,13,25,85,205
206,formula_even,103,206,206,True,,,,2,6,2,14,26,86,206
207,formula_divisible_by_3,69,414,414,True,,,,3,7,3,15,27,87,207
208,formula_even,104,208,208,True,,,,0,0,4,16,28,88,208
209,general_key_d_3,53,44308,4028,True,3,1,11,1,1,5,17,29,89,209
210,formula_even,105,210,210,True,,,,2,2,6,18,30,90,210
211,formula_3_mod_4,53,22366,22366,True,,,,3,3,7,19,31,91,211
212,formula_even,106,212,212,True,,,,0,4,8,20,32,92,212
213,formula_divisible_by_3,71,426,426,True,,,,1,5,9,21,33,93,213
214,formula_even,107,214,214,True,,,,2,6,10,22,34,94,214
215,formula_3_mod_4,54,23220,23220,True,,,,3,7,11,23,35,95,215
216,formula_even,108,216,216,True,,,,0,0,0,0,36,96,216
217,general_key_d_3,55,47740,4340,True,3,1,11,1,1,1,1,37,97,217
218,formula_even,109,218,218,True,,,,2,2,2,2,38,98,218
219,formula_divisible_by_3,73,438,438,True,,,,3,3,3,3,39,99,219
220,formula_even,110,220,220,True,,,,0,4,4,4,40,100,220
221,general_key_d_3,56,12376,6188,True,3,4,8,1,5,5,5,41,101,221
222,formula_even,111,222,222,True,,,,2,6,6,6,42,102,222
223,formula_3_mod_4,56,24976,24976,True,,,,3,7,7,7,43,103,223
224,formula_even,112,224,224,True,,,,0,0,8,8,44,104,224
225,formula_divisible_by_3,75,450,450,True,,,,1,1,9,9,45,105,225
226,formula_even,113,226,226,True,,,,2,2,10,10,46,106,226
227,formula_3_mod_4,57,25878,25878,True,,,,3,3,11,11,47,107,227
228,formula_even,114,228,228,True,,,,0,4,0,12,48,108,228
229,general_key_d_3,58,13282,6641,True,3,4,8,1,5,1,13,49,109,229
230,formula_even,115,230,230,True,,,,2,6,2,14,50,110,230
231,formula_divisible_by_3,77,462,462,True,,,,3,7,3,15,51,111,231
232,formula_even,116,232,232,True,,,,0,0,4,16,52,112,232
233,general_key_d_7,60,13980,2330,True,7,4,24,1,1,5,17,53,113,233
234,formula_even,117,234,234,True,,,,2,2,6,18,54,114,234
235,formula_3_mod_4,59,27730,27730,True,,,,3,3,7,19,55,115,235
236,formula_even,118,236,236,True,,,,0,4,8,20,56,116,236
237,formula_divisible_by_3,79,474,474,True,,,,1,5,9,21,57,117,237
238,formula_even,119,238,238,True,,,,2,6,10,22,58,118,238
239,formula_3_mod_4,60,28680,28680,True,,,,3,7,11,23,59,119,239
240,formula_even,120,240,240,True,,,,0,0,0,0,0,0,240
241,general_key_d_11,63,30366,1446,True,11,2,42,1,1,1,1,1,1,241
242,formula_even,121,242,242,True,,,,2,2,2,2,2,2,242
243,formula_divisible_by_3,81,486,486,True,,,,3,3,3,3,3,3,243
244,formula_even,122,244,244,True,,,,0,4,4,4,4,4,244
245,general_key_d_3,62,30380,6076,True,3,2,10,1,5,5,5,5,5,245
246,formula_even,123,246,246,True,,,,2,6,6,6,6,6,246
247,formula_3_mod_4,62,30628,30628,True,,,,3,7,7,7,7,7,247
248,formula_even,124,248,248,True,,,,0,0,8,8,8,8,248
249,formula_divisible_by_3,83,498,498,True,,,,1,1,9,9,9,9,249
250,formula_even,125,250,250,True,,,,2,2,10,10,10,10,250
251,formula_3_mod_4,63,31626,31626,True,,,,3,3,11,11,11,11,251
252,formula_even,126,252,252,True,,,,0,4,0,12,12,12,252
253,general_key_d_3,64,64768,5888,True,3,1,11,1,5,1,13,13,13,253
254,formula_even,127,254,254,True,,,,2,6,2,14,14,14,254
255,formula_divisible_by_3,85,510,510,True,,,,3,7,3,15,15,15,255
256,formula_even,128,256,256,True,,,,0,0,4,16,16,16,256
257,general_key_d_3,65,33410,6682,True,3,2,10,1,1,5,17,17,17,257
258,formula_even,129,258,258,True,,,,2,2,6,18,18,18,258
259,formula_3_mod_4,65,33670,33670,True,,,,3,3,7,19,19,19,259
260,formula_even,130,260,260,True,,,,0,4,8,20,20,20,260
261,formula_divisible_by_3,87,522,522,True,,,,1,5,9,21,21,21,261
262,formula_even,131,262,262,True,,,,2,6,10,22,22,22,262
263,formula_3_mod_4,66,34716,34716,True,,,,3,7,11,23,23,23,263
264,formula_even,132,264,264,True,,,,0,0,0,0,24,24,264
265,general_key_d_3,67,35510,7102,True,3,2,10,1,1,1,1,25,25,265
266,formula_even,133,266,266,True,,,,2,2,2,2,26,26,266
267,formula_divisible_by_3,89,534,534,True,,,,3,3,3,3,27,27,267
268,formula_even,134,268,268,True,,,,0,4,4,4,28,28,268
269,general_key_d_3,68,18292,9146,True,3,4,8,1,5,5,5,29,29,269
270,formula_even,135,270,270,True,,,,2,6,6,6,30,30,270
271,formula_3_mod_4,68,36856,36856,True,,,,3,7,7,7,31,31,271
272,formula_even,136,272,272,True,,,,0,0,8,8,32,32,272
273,formula_divisible_by_3,91,546,546,True,,,,1,1,9,9,33,33,273
274,formula_even,137,274,274,True,,,,2,2,10,10,34,34,274
275,formula_3_mod_4,69,37950,37950,True,,,,3,3,11,11,35,35,275
276,formula_even,138,276,276,True,,,,0,4,0,12,36,36,276
277,general_key_d_3,70,38780,7756,True,3,2,10,1,5,1,13,37,37,277
278,formula_even,139,278,278,True,,,,2,6,2,14,38,38,278
279,formula_divisible_by_3,93,558,558,True,,,,3,7,3,15,39,39,279
280,formula_even,140,280,280,True,,,,0,0,4,16,40,40,280
281,general_key_d_7,72,20232,3372,True,7,4,24,1,1,5,17,41,41,281
282,formula_even,141,282,282,True,,,,2,2,6,18,42,42,282
283,formula_3_mod_4,71,40186,40186,True,,,,3,3,7,19,43,43,283
284,formula_even,142,284,284,True,,,,0,4,8,20,44,44,284
285,formula_divisible_by_3,95,570,570,True,,,,1,5,9,21,45,45,285
286,formula_even,143,286,286,True,,,,2,6,10,22,46,46,286
287,formula_3_mod_4,72,41328,41328,True,,,,3,7,11,23,47,47,287
288,formula_even,144,288,288,True,,,,0,0,0,0,48,48,288
289,general_key_d_11,75,8670,2550,True,11,10,34,1,1,1,1,49,49,289
290,formula_even,145,290,290,True,,,,2,2,2,2,50,50,290
291,formula_divisible_by_3,97,582,582,True,,,,3,3,3,3,51,51,291
292,formula_even,146,292,292,True,,,,0,4,4,4,52,52,292
293,general_key_d_3,74,21682,10841,True,3,4,8,1,5,5,5,53,53,293
294,formula_even,147,294,294,True,,,,2,6,6,6,54,54,294
295,formula_3_mod_4,74,43660,43660,True,,,,3,7,7,7,55,55,295
296,formula_even,148,296,296,True,,,,0,0,8,8,56,56,296
297,formula_divisible_by_3,99,594,594,True,,,,1,1,9,9,57,57,297
298,formula_even,149,298,298,True,,,,2,2,10,10,58,58,298
299,formula_3_mod_4,75,44850,44850,True,,,,3,3,11,11,59,59,299
300,formula_even,150,300,300,True,,,,0,4,0,12,0,60,300
301,general_key_d_3,76,22876,11438,True,3,4,8,1,5,1,13,1,61,301
302,formula_even,151,302,302,True,,,,2,6,2,14,2,62,302
303,formula_divisible_by_3,101,606,606,True,,,,3,7,3,15,3,63,303
304,formula_even,152,304,304,True,,,,0,0,4,16,4,64,304
305,general_key_d_3,77,93940,8540,True,3,1,11,1,1,5,17,5,65,305
306,formula_even,153,306,306,True,,,,2,2,6,18,6,66,306
307,formula_3_mod_4,77,47278,47278,True,,,,3,3,7,19,7,67,307
308,formula_even,154,308,308,True,,,,0,4,8,20,8,68,308
309,formula_divisible_by_3,103,618,618,True,,,,1,5,9,21,9,69,309
310,formula_even,155,310,310,True,,,,2,6,10,22,10,70,310
311,formula_3_mod_4,78,48516,48516,True,,,,3,7,11,23,11,71,311
312,formula_even,156,312,312,True,,,,0,0,0,0,12,72,312
313,general_key_d_7,80,12520,5008,True,7,8,20,1,1,1,1,13,73,313
314,formula_even,157,314,314,True,,,,2,2,2,2,14,74,314
315,formula_divisible_by_3,105,630,630,True,,,,3,3,3,3,15,75,315
316,formula_even,158,316,316,True,,,,0,4,4,4,16,76,316
317,general_key_d_3,80,50720,10144,True,3,2,10,1,5,5,5,17,77,317
318,formula_even,159,318,318,True,,,,2,6,6,6,18,78,318
319,formula_3_mod_4,80,51040,51040,True,,,,3,7,7,7,19,79,319
320,formula_even,160,320,320,True,,,,0,0,8,8,20,80,320
321,formula_divisible_by_3,107,642,642,True,,,,1,1,9,9,21,81,321
322,formula_even,161,322,322,True,,,,2,2,10,10,22,82,322
323,formula_3_mod_4,81,52326,52326,True,,,,3,3,11,11,23,83,323
324,formula_even,162,324,324,True,,,,0,4,0,12,24,84,324
325,general_key_d_3,82,53300,10660,True,3,2,10,1,5,1,13,25,85,325
326,formula_even,163,326,326,True,,,,2,6,2,14,26,86,326
327,formula_divisible_by_3,109,654,654,True,,,,3,7,3,15,27,87,327
328,formula_even,164,328,328,True,,,,0,0,4,16,28,88,328
329,general_key_d_7,84,27636,4606,True,7,4,24,1,1,5,17,29,89,329
330,formula_even,165,330,330,True,,,,2,2,6,18,30,90,330
331,formula_3_mod_4,83,54946,54946,True,,,,3,3,7,19,31,91,331
332,formula_even,166,332,332,True,,,,0,4,8,20,32,92,332
333,formula_divisible_by_3,111,666,666,True,,,,1,5,9,21,33,93,333
334,formula_even,167,334,334,True,,,,2,6,10,22,34,94,334
335,formula_3_mod_4,84,56280,56280,True,,,,3,7,11,23,35,95,335
336,formula_even,168,336,336,True,,,,0,0,0,0,36,96,336
337,general_key_d_3,85,57290,11458,True,3,2,10,1,1,1,1,37,97,337
338,formula_even,169,338,338,True,,,,2,2,2,2,38,98,338
339,formula_divisible_by_3,113,678,678,True,,,,3,3,3,3,39,99,339
340,formula_even,170,340,340,True,,,,0,4,4,4,40,100,340
341,general_key_d_3,86,117304,10664,True,3,1,11,1,5,5,5,41,101,341
342,formula_even,171,342,342,True,,,,2,6,6,6,42,102,342
343,formula_3_mod_4,86,58996,58996,True,,,,3,7,7,7,43,103,343
344,formula_even,172,344,344,True,,,,0,0,8,8,44,104,344
345,formula_divisible_by_3,115,690,690,True,,,,1,1,9,9,45,105,345
346,formula_even,173,346,346,True,,,,2,2,10,10,46,106,346
347,formula_3_mod_4,87,60378,60378,True,,,,3,3,11,11,47,107,347
348,formula_even,174,348,348,True,,,,0,4,0,12,48,108,348
349,general_key_d_3,88,122848,11168,True,3,1,11,1,5,1,13,49,109,349
350,formula_even,175,350,350,True,,,,2,6,2,14,50,110,350
351,formula_divisible_by_3,117,702,702,True,,,,3,7,3,15,51,111,351
352,formula_even,176,352,352,True,,,,0,0,4,16,52,112,352
353,general_key_d_7,90,31770,5295,True,7,4,24,1,1,5,17,53,113,353
354,formula_even,177,354,354,True,,,,2,2,6,18,54,114,354
355,formula_3_mod_4,89,63190,63190,True,,,,3,3,7,19,55,115,355
356,formula_even,178,356,356,True,,,,0,4,8,20,56,116,356
357,formula_divisible_by_3,119,714,714,True,,,,1,5,9,21,57,117,357
358,formula_even,179,358,358,True,,,,2,6,10,22,58,118,358
359,formula_3_mod_4,90,64620,64620,True,,,,3,7,11,23,59,119,359
360,formula_even,180,360,360,True,,,,0,0,0,0,0,0,360
361,general_key_d_11,93,22382,3534,True,11,6,38,1,1,1,1,1,1,361
362,formula_even,181,362,362,True,,,,2,2,2,2,2,2,362
363,formula_divisible_by_3,121,726,726,True,,,,3,3,3,3,3,3,363
364,formula_even,182,364,364,True,,,,0,4,4,4,4,4,364
365,general_key_d_3,92,67160,13432,True,3,2,10,1,5,5,5,5,5,365
366,formula_even,183,366,366,True,,,,2,6,6,6,6,6,366
367,formula_3_mod_4,92,67528,67528,True,,,,3,7,7,7,7,7,367
368,formula_even,184,368,368,True,,,,0,0,8,8,8,8,368
369,formula_divisible_by_3,123,738,738,True,,,,1,1,9,9,9,9,369
370,formula_even,185,370,370,True,,,,2,2,10,10,10,10,370
371,formula_3_mod_4,93,69006,69006,True,,,,3,3,11,11,11,11,371
372,formula_even,186,372,372,True,,,,0,4,0,12,12,12,372
373,general_key_d_3,94,35062,17531,True,3,4,8,1,5,1,13,13,13,373
374,formula_even,187,374,374,True,,,,2,6,2,14,14,14,374
375,formula_divisible_by_3,125,750,750,True,,,,3,7,3,15,15,15,375
376,formula_even,188,376,376,True,,,,0,0,4,16,16,16,376
377,general_key_d_3,95,71630,14326,True,3,2,10,1,1,5,17,17,17,377
378,formula_even,189,378,378,True,,,,2,2,6,18,18,18,378
379,formula_3_mod_4,95,72010,72010,True,,,,3,3,7,19,19,19,379
380,formula_even,190,380,380,True,,,,0,4,8,20,20,20,380
381,formula_divisible_by_3,127,762,762,True,,,,1,5,9,21,21,21,381
382,formula_even,191,382,382,True,,,,2,6,10,22,22,22,382
383,formula_3_mod_4,96,73536,73536,True,,,,3,7,11,23,23,23,383
384,formula_even,192,384,384,True,,,,0,0,0,0,24,24,384
385,general_key_d_3,97,149380,13580,True,3,1,11,1,1,1,1,25,25,385
386,formula_even,193,386,386,True,,,,2,2,2,2,26,26,386
387,formula_divisible_by_3,129,774,774,True,,,,3,3,3,3,27,27,387
388,formula_even,194,388,388,True,,,,0,4,4,4,28,28,388
389,general_key_d_3,98,38122,19061,True,3,4,8,1,5,5,5,29,29,389
390,formula_even,195,390,390,True,,,,2,6,6,6,30,30,390
391,formula_3_mod_4,98,76636,76636,True,,,,3,7,7,7,31,31,391
392,formula_even,196,392,392,True,,,,0,0,8,8,32,32,392
393,formula_divisible_by_3,131,786,786,True,,,,1,1,9,9,33,33,393
394,formula_even,197,394,394,True,,,,2,2,10,10,34,34,394
395,formula_3_mod_4,99,78210,78210,True,,,,3,3,11,11,35,35,395
396,formula_even,198,396,396,True,,,,0,4,0,12,36,36,396
397,general_key_d_3,100,79400,15880,True,3,2,10,1,5,1,13,37,37,397
398,formula_even,199,398,398,True,,,,2,6,2,14,38,38,398
399,formula_divisible_by_3,133,798,798,True,,,,3,7,3,15,39,39,399
400,formula_even,200,400,400,True,,,,0,0,4,16,40,40,400
401,general_key_d_7,102,40902,6817,True,7,4,24,1,1,5,17,41,41,401
402,formula_even,201,402,402,True,,,,2,2,6,18,42,42,402
403,formula_3_mod_4,101,81406,81406,True,,,,3,3,7,19,43,43,403
404,formula_even,202,404,404,True,,,,0,4,8,20,44,44,404
405,formula_divisible_by_3,135,810,810,True,,,,1,5,9,21,45,45,405
406,formula_even,203,406,406,True,,,,2,6,10,22,46,46,406
407,formula_3_mod_4,102,83028,83028,True,,,,3,7,11,23,47,47,407
408,formula_even,204,408,408,True,,,,0,0,0,0,48,48,408
409,general_key_d_7,104,85072,6544,True,7,2,26,1,1,1,1,49,49,409
410,formula_even,205,410,410,True,,,,2,2,2,2,50,50,410
411,formula_divisible_by_3,137,822,822,True,,,,3,3,3,3,51,51,411
412,formula_even,206,412,412,True,,,,0,4,4,4,52,52,412
413,general_key_d_3,104,42952,21476,True,3,4,8,1,5,5,5,53,53,413
414,formula_even,207,414,414,True,,,,2,6,6,6,54,54,414
415,formula_3_mod_4,104,86320,86320,True,,,,3,7,7,7,55,55,415
416,formula_even,208,416,416,True,,,,0,0,8,8,56,56,416
417,formula_divisible_by_3,139,834,834,True,,,,1,1,9,9,57,57,417
418,formula_even,209,418,418,True,,,,2,2,10,10,58,58,418
419,formula_3_mod_4,105,87990,87990,True,,,,3,3,11,11,59,59,419
420,formula_even,210,420,420,True,,,,0,4,0,12,0,60,420
421,general_key_d_3,106,44626,22313,True,3,4,8,1,5,1,13,1,61,421
422,formula_even,211,422,422,True,,,,2,6,2,14,2,62,422
423,formula_divisible_by_3,141,846,846,True,,,,3,7,3,15,3,63,423
424,formula_even,212,424,424,True,,,,0,0,4,16,4,64,424
425,general_key_d_3,107,90950,18190,True,3,2,10,1,1,5,17,5,65,425
426,formula_even,213,426,426,True,,,,2,2,6,18,6,66,426
427,formula_3_mod_4,107,91378,91378,True,,,,3,3,7,19,7,67,427
428,formula_even,214,428,428,True,,,,0,4,8,20,8,68,428
429,formula_divisible_by_3,143,858,858,True,,,,1,5,9,21,9,69,429
430,formula_even,215,430,430,True,,,,2,6,10,22,10,70,430
431,formula_3_mod_4,108,93096,93096,True,,,,3,7,11,23,11,71,431
432,formula_even,216,432,432,True,,,,0,0,0,0,12,72,432
433,general_key_d_7,110,23815,9526,True,7,8,20,1,1,1,1,13,73,433
434,formula_even,217,434,434,True,,,,2,2,2,2,14,74,434
435,formula_divisible_by_3,145,870,870,True,,,,3,3,3,3,15,75,435
436,formula_even,218,436,436,True,,,,0,4,4,4,16,76,436
437,general_key_d_3,110,192280,17480,True,3,1,11,1,5,5,5,17,77,437
438,formula_even,219,438,438,True,,,,2,6,6,6,18,78,438
439,formula_3_mod_4,110,96580,96580,True,,,,3,7,7,7,19,79,439
440,formula_even,220,440,440,True,,,,0,0,8,8,20,80,440
441,formula_divisible_by_3,147,882,882,True,,,,1,1,9,9,21,81,441
442,formula_even,221,442,442,True,,,,2,2,10,10,22,82,442
443,formula_3_mod_4,111,98346,98346,True,,,,3,3,11,11,23,83,443
444,formula_even,222,444,444,True,,,,0,4,0,12,24,84,444
445,general_key_d_3,112,99680,19936,True,3,2,10,1,5,1,13,25,85,445
446,formula_even,223,446,446,True,,,,2,6,2,14,26,86,446
447,formula_divisible_by_3,149,894,894,True,,,,3,7,3,15,27,87,447
448,formula_even,224,448,448,True,,,,0,0,4,16,28,88,448
449,general_key_d_7,114,51186,8531,True,7,4,24,1,1,5,17,29,89,449
450,formula_even,225,450,450,True,,,,2,2,6,18,30,90,450
451,formula_3_mod_4,113,101926,101926,True,,,,3,3,7,19,31,91,451
452,formula_even,226,452,452,True,,,,0,4,8,20,32,92,452
453,formula_divisible_by_3,151,906,906,True,,,,1,5,9,21,33,93,453
454,formula_even,227,454,454,True,,,,2,6,10,22,34,94,454
455,formula_3_mod_4,114,103740,103740,True,,,,3,7,11,23,35,95,455
456,formula_even,228,456,456,True,,,,0,0,0,0,36,96,456
457,general_key_d_3,115,105110,21022,True,3,2,10,1,1,1,1,37,97,457
458,formula_even,229,458,458,True,,,,2,2,2,2,38,98,458
459,formula_divisible_by_3,153,918,918,True,,,,3,3,3,3,39,99,459
460,formula_even,230,460,460,True,,,,0,4,4,4,40,100,460
461,general_key_d_3,116,53476,26738,True,3,4,8,1,5,5,5,41,101,461
462,formula_even,231,462,462,True,,,,2,6,6,6,42,102,462
463,formula_3_mod_4,116,107416,107416,True,,,,3,7,7,7,43,103,463
464,formula_even,232,464,464,True,,,,0,0,8,8,44,104,464
465,formula_divisible_by_3,155,930,930,True,,,,1,1,9,9,45,105,465
466,formula_even,233,466,466,True,,,,2,2,10,10,46,106,466
467,formula_3_mod_4,117,109278,109278,True,,,,3,3,11,11,47,107,467
468,formula_even,234,468,468,True,,,,0,4,0,12,48,108,468
469,general_key_d_3,118,55342,27671,True,3,4,8,1,5,1,13,49,109,469
470,formula_even,235,470,470,True,,,,2,6,2,14,50,110,470
471,formula_divisible_by_3,157,942,942,True,,,,3,7,3,15,51,111,471
472,formula_even,236,472,472,True,,,,0,0,4,16,52,112,472
473,general_key_d_3,119,225148,20468,True,3,1,11,1,1,5,17,53,113,473
474,formula_even,237,474,474,True,,,,2,2,6,18,54,114,474
475,formula_3_mod_4,119,113050,113050,True,,,,3,3,7,19,55,115,475
476,formula_even,238,476,476,True,,,,0,4,8,20,56,116,476
477,formula_divisible_by_3,159,954,954,True,,,,1,5,9,21,57,117,477
478,formula_even,239,478,478,True,,,,2,6,10,22,58,118,478
479,formula_3_mod_4,120,114960,114960,True,,,,3,7,11,23,59,119,479
480,formula_even,240,480,480,True,,,,0,0,0,0,0,0,480
481,general_key_d_3,121,232804,21164,True,3,1,11,1,1,1,1,1,1,481
482,formula_even,241,482,482,True,,,,2,2,2,2,2,2,482
483,formula_divisible_by_3,161,966,966,True,,,,3,3,3,3,3,3,483
484,formula_even,242,484,484,True,,,,0,4,4,4,4,4,484
485,general_key_d_3,122,118340,23668,True,3,2,10,1,5,5,5,5,5,485
486,formula_even,243,486,486,True,,,,2,6,6,6,6,6,486
487,formula_3_mod_4,122,118828,118828,True,,,,3,7,7,7,7,7,487
488,formula_even,244,488,488,True,,,,0,0,8,8,8,8,488
489,formula_divisible_by_3,163,978,978,True,,,,1,1,9,9,9,9,489
490,formula_even,245,490,490,True,,,,2,2,10,10,10,10,490
491,formula_3_mod_4,123,120786,120786,True,,,,3,3,11,11,11,11,491
492,formula_even,246,492,492,True,,,,0,4,0,12,12,12,492
493,general_key_d_3,124,61132,30566,True,3,4,8,1,5,1,13,13,13,493
494,formula_even,247,494,494,True,,,,2,6,2,14,14,14,494
495,formula_divisible_by_3,165,990,990,True,,,,3,7,3,15,15,15,495
496,formula_even,248,496,496,True,,,,0,0,4,16,16,16,496
497,general_key_d_3,125,124250,24850,True,3,2,10,1,1,5,17,17,17,497
498,formula_even,249,498,498,True,,,,2,2,6,18,18,18,498
499,formula_3_mod_4,125,124750,124750,True,,,,3,3,7,19,19,19,499
500,formula_even,250,500,500,True,,,,0,4,8,20,20,20,500
501,formula_divisible_by_3,167,1002,1002,True,,,,1,5,9,21,21,21,501
502,formula_even,251,502,502,True,,,,2,6,10,22,22,22,502
503,formula_3_mod_4,126,126756,126756,True,,,,3,7,11,23,23,23,503
504,formula_even,252,504,504,True,,,,0,0,0,0,24,24,504
505,general_key_d_3,127,128270,25654,True,3,2,10,1,1,1,1,25,25,505
506,formula_even,253,506,506,True,,,,2,2,2,2,26,26,506
507,formula_divisible_by_3,169,1014,1014,True,,,,3,3,3,3,27,27,507
508,formula_even,254,508,508,True,,,,0,4,4,4,28,28,508
509,general_key_d_3,128,65152,32576,True,3,4,8,1,5,5,5,29,29,509
510,formula_even,255,510,510,True,,,,2,6,6,6,30,30,510
511,formula_3_mod_4,128,130816,130816,True,,,,3,7,7,7,31,31,511
512,formula_even,256,512,512,True,,,,0,0,8,8,32,32,512
513,formula_divisible_by_3,171,1026,1026,True,,,,1,1,9,9,33,33,513
514,formula_even,257,514,514,True,,,,2,2,10,10,34,34,514
515,formula_3_mod_4,129,132870,132870,True,,,,3,3,11,11,35,35,515
516,formula_even,258,516,516,True,,,,0,4,0,12,36,36,516
517,general_key_d_3,130,268840,24440,True,3,1,11,1,5,1,13,37,37,517
518,formula_even,259,518,518,True,,,,2,6,2,14,38,38,518
519,formula_divisible_by_3,173,1038,1038,True,,,,3,7,3,15,39,39,519
520,formula_even,260,520,520,True,,,,0,0,4,16,40,40,520
521,general_key_d_7,132,68772,11462,True,7,4,24,1,1,5,17,41,41,521
522,formula_even,261,522,522,True,,,,2,2,6,18,42,42,522
523,formula_3_mod_4,131,137026,137026,True,,,,3,3,7,19,43,43,523
524,formula_even,262,524,524,True,,,,0,4,8,20,44,44,524
525,formula_divisible_by_3,175,1050,1050,True,,,,1,5,9,21,45,45,525
526,formula_even,263,526,526,True,,,,2,6,10,22,46,46,526
527,formula_3_mod_4,132,139128,139128,True,,,,3,7,11,23,47,47,527
528,formula_even,264,528,528,True,,,,0,0,0,0,48,48,528
529,general_key_d_23,138,12696,4232,True,23,23,69,1,1,1,1,49,49,529
530,formula_even,265,530,530,True,,,,2,2,2,2,50,50,530
531,formula_divisible_by_3,177,1062,1062,True,,,,3,3,3,3,51,51,531
532,formula_even,266,532,532,True,,,,0,4,4,4,52,52,532
533,general_key_d_3,134,71422,35711,True,3,4,8,1,5,5,5,53,53,533
534,formula_even,267,534,534,True,,,,2,6,6,6,54,54,534
535,formula_3_mod_4,134,143380,143380,True,,,,3,7,7,7,55,55,535
536,formula_even,268,536,536,True,,,,0,0,8,8,56,56,536
537,formula_divisible_by_3,179,1074,1074,True,,,,1,1,9,9,57,57,537
538,formula_even,269,538,538,True,,,,2,2,10,10,58,58,538
539,formula_3_mod_4,135,145530,145530,True,,,,3,3,11,11,59,59,539
540,formula_even,270,540,540,True,,,,0,4,0,12,0,60,540
541,general_key_d_3,136,73576,36788,True,3,4,8,1,5,1,13,1,61,541
542,formula_even,271,542,542,True,,,,2,6,2,14,2,62,542
543,formula_divisible_by_3,181,1086,1086,True,,,,3,7,3,15,3,63,543
544,formula_even,272,544,544,True,,,,0,0,4,16,4,64,544
545,general_key_d_3,137,149330,29866,True,3,2,10,1,1,5,17,5,65,545
546,formula_even,273,546,546,True,,,,2,2,6,18,6,66,546
547,formula_3_mod_4,137,149878,149878,True,,,,3,3,7,19,7,67,547
548,formula_even,274,548,548,True,,,,0,4,8,20,8,68,548
549,formula_divisible_by_3,183,1098,1098,True,,,,1,5,9,21,9,69,549
550,formula_even,275,550,550,True,,,,2,6,10,22,10,70,550
551,formula_3_mod_4,138,152076,152076,True,,,,3,7,11,23,11,71,551
552,formula_even,276,552,552,True,,,,0,0,0,0,12,72,552
553,general_key_d_7,140,38710,15484,True,7,8,20,1,1,1,1,13,73,553
554,formula_even,277,554,554,True,,,,2,2,2,2,14,74,554
555,formula_divisible_by_3,185,1110,1110,True,,,,3,3,3,3,15,75,555
556,formula_even,278,556,556,True,,,,0,4,4,4,16,76,556
557,general_key_d_3,140,155960,31192,True,3,2,10,1,5,5,5,17,77,557
558,formula_even,279,558,558,True,,,,2,6,6,6,18,78,558
559,formula_3_mod_4,140,156520,156520,True,,,,3,7,7,7,19,79,559
560,formula_even,280,560,560,True,,,,0,0,8,8,20,80,560
561,formula_divisible_by_3,187,1122,1122,True,,,,1,1,9,9,21,81,561
562,formula_even,281,562,562,True,,,,2,2,10,10,22,82,562
563,formula_3_mod_4,141,158766,158766,True,,,,3,3,11,11,23,83,563
564,formula_even,282,564,564,True,,,,0,4,0,12,24,84,564
565,general_key_d_3,142,160460,32092,True,3,2,10,1,5,1,13,25,85,565
566,formula_even,283,566,566,True,,,,2,6,2,14,26,86,566
567,formula_divisible_by_3,189,1134,1134,True,,,,3,7,3,15,27,87,567
568,formula_even,284,568,568,True,,,,0,0,4,16,28,88,568
569,general_key_d_3,143,325468,29588,True,3,1,11,1,1,5,17,29,89,569
570,formula_even,285,570,570,True,,,,2,2,6,18,30,90,570
571,formula_3_mod_4,143,163306,163306,True,,,,3,3,7,19,31,91,571
572,formula_even,286,572,572,True,,,,0,4,8,20,32,92,572
573,formula_divisible_by_3,191,1146,1146,True,,,,1,5,9,21,33,93,573
574,formula_even,287,574,574,True,,,,2,6,10,22,34,94,574
575,formula_3_mod_4,144,165600,165600,True,,,,3,7,11,23,35,95,575
576,formula_even,288,576,576,True,,,,0,0,0,0,36,96,576
577,general_key_d_3,145,167330,33466,True,3,2,10,1,1,1,1,37,97,577
578,formula_even,289,578,578,True,,,,2,2,2,2,38,98,578
579,formula_divisible_by_3,193,1158,1158,True,,,,3,3,3,3,39,99,579
580,formula_even,290,580,580,True,,,,0,4,4,4,40,100,580
581,general_key_d_3,146,84826,42413,True,3,4,8,1,5,5,5,41,101,581
582,formula_even,291,582,582,True,,,,2,6,6,6,42,102,582
583,formula_3_mod_4,146,170236,170236,True,,,,3,7,7,7,43,103,583
584,formula_even,292,584,584,True,,,,0,0,8,8,44,104,584
585,formula_divisible_by_3,195,1170,1170,True,,,,1,1,9,9,45,105,585
586,formula_even,293,586,586,True,,,,2,2,10,10,46,106,586
587,formula_3_mod_4,147,172578,172578,True,,,,3,3,11,11,47,107,587
588,formula_even,294,588,588,True,,,,0,4,0,12,48,108,588
589,general_key_d_3,148,87172,43586,True,3,4,8,1,5,1,13,49,109,589
590,formula_even,295,590,590,True,,,,2,6,2,14,50,110,590
591,formula_divisible_by_3,197,1182,1182,True,,,,3,7,3,15,51,111,591
592,formula_even,296,592,592,True,,,,0,0,4,16,52,112,592
593,general_key_d_7,150,118600,14232,True,7,3,25,1,1,5,17,53,113,593
594,formula_even,297,594,594,True,,,,2,2,6,18,54,114,594
595,formula_3_mod_4,149,177310,177310,True,,,,3,3,7,19,55,115,595
596,formula_even,298,596,596,True,,,,0,4,8,20,56,116,596
597,formula_divisible_by_3,199,1194,1194,True,,,,1,5,9,21,57,117,597
598,formula_even,299,598,598,True,,,,2,6,10,22,58,118,598
599,formula_3_mod_4,150,179700,179700,True,,,,3,7,11,23,59,119,599
600,formula_even,300,600,600,True,,,,0,0,0,0,0,0,600
601,general_key_d_15,154,92554,6611,True,15,4,56,1,1,1,1,1,1,601
602,formula_even,301,602,602,True,,,,2,2,2,2,2,2,602
603,formula_divisible_by_3,201,1206,1206,True,,,,3,3,3,3,3,3,603
604,formula_even,302,604,604,True,,,,0,4,4,4,4,4,604
605,general_key_d_3,152,367840,33440,True,3,1,11,1,5,5,5,5,5,605
606,formula_even,303,606,606,True,,,,2,6,6,6,6,6,606
607,formula_3_mod_4,152,184528,184528,True,,,,3,7,7,7,7,7,607
608,formula_even,304,608,608,True,,,,0,0,8,8,8,8,608
609,formula_divisible_by_3,203,1218,1218,True,,,,1,1,9,9,9,9,609
610,formula_even,305,610,610,True,,,,2,2,10,10,10,10,610
611,formula_3_mod_4,153,186966,186966,True,,,,3,3,11,11,11,11,611
612,formula_even,306,612,612,True,,,,0,4,0,12,12,12,612
613,general_key_d_3,154,377608,34328,True,3,1,11,1,5,1,13,13,13,613
614,formula_even,307,614,614,True,,,,2,6,2,14,14,14,614
615,formula_divisible_by_3,205,1230,1230,True,,,,3,7,3,15,15,15,615
616,formula_even,308,616,616,True,,,,0,0,4,16,16,16,616
617,general_key_d_3,155,191270,38254,True,3,2,10,1,1,5,17,17,17,617
618,formula_even,309,618,618,True,,,,2,2,6,18,18,18,618
619,formula_3_mod_4,155,191890,191890,True,,,,3,3,7,19,19,19,619
620,formula_even,310,620,620,True,,,,0,4,8,20,20,20,620
621,formula_divisible_by_3,207,1242,1242,True,,,,1,5,9,21,21,21,621
622,formula_even,311,622,622,True,,,,2,6,10,22,22,22,622
623,formula_3_mod_4,156,194376,194376,True,,,,3,7,11,23,23,23,623
624,formula_even,312,624,624,True,,,,0,0,0,0,24,24,624
625,general_key_d_3,157,196250,39250,True,3,2,10,1,1,1,1,25,25,625
626,formula_even,313,626,626,True,,,,2,2,2,2,26,26,626
627,formula_divisible_by_3,209,1254,1254,True,,,,3,3,3,3,27,27,627
628,formula_even,314,628,628,True,,,,0,4,4,4,28,28,628
629,general_key_d_3,158,99382,49691,True,3,4,8,1,5,5,5,29,29,629
630,formula_even,315,630,630,True,,,,2,6,6,6,30,30,630
631,formula_3_mod_4,158,199396,199396,True,,,,3,7,7,7,31,31,631
632,formula_even,316,632,632,True,,,,0,0,8,8,32,32,632
633,formula_divisible_by_3,211,1266,1266,True,,,,1,1,9,9,33,33,633
634,formula_even,317,634,634,True,,,,2,2,10,10,34,34,634
635,formula_3_mod_4,159,201930,201930,True,,,,3,3,11,11,35,35,635
636,formula_even,318,636,636,True,,,,0,4,0,12,36,36,636
637,general_key_d_3,160,203840,40768,True,3,2,10,1,5,1,13,37,37,637
638,formula_even,319,638,638,True,,,,2,6,2,14,38,38,638
639,formula_divisible_by_3,213,1278,1278,True,,,,3,7,3,15,39,39,639
640,formula_even,320,640,640,True,,,,0,0,4,16,40,40,640
641,general_key_d_7,162,415368,15384,True,7,1,27,1,1,5,17,41,41,641
642,formula_even,321,642,642,True,,,,2,2,6,18,42,42,642
643,formula_3_mod_4,161,207046,207046,True,,,,3,3,7,19,43,43,643
644,formula_even,322,644,644,True,,,,0,4,8,20,44,44,644
645,formula_divisible_by_3,215,1290,1290,True,,,,1,5,9,21,45,45,645
646,formula_even,323,646,646,True,,,,2,6,10,22,46,46,646
647,formula_3_mod_4,162,209628,209628,True,,,,3,7,11,23,47,47,647
648,formula_even,324,648,648,True,,,,0,0,0,0,48,48,648
649,general_key_d_3,163,423148,38468,True,3,1,11,1,1,1,1,49,49,649
650,formula_even,325,650,650,True,,,,2,2,2,2,50,50,650
651,formula_divisible_by_3,217,1302,1302,True,,,,3,3,3,3,51,51,651
652,formula_even,326,652,652,True,,,,0,4,4,4,52,52,652
653,general_key_d_3,164,107092,53546,True,3,4,8,1,5,5,5,53,53,653
654,formula_even,327,654,654,True,,,,2,6,6,6,54,54,654
655,formula_3_mod_4,164,214840,214840,True,,,,3,7,7,7,55,55,655
656,formula_even,328,656,656,True,,,,0,0,8,8,56,56,656
657,formula_divisible_by_3,219,1314,1314,True,,,,1,1,9,9,57,57,657
658,formula_even,329,658,658,True,,,,2,2,10,10,58,58,658
659,formula_3_mod_4,165,217470,217470,True,,,,3,3,11,11,59,59,659
660,formula_even,330,660,660,True,,,,0,4,0,12,0,60,660
661,general_key_d_3,166,109726,54863,True,3,4,8,1,5,1,13,1,61,661
662,formula_even,331,662,662,True,,,,2,6,2,14,2,62,662
663,formula_divisible_by_3,221,1326,1326,True,,,,3,7,3,15,3,63,663
664,formula_even,332,664,664,True,,,,0,0,4,16,4,64,664
665,general_key_d_3,167,222110,44422,True,3,2,10,1,1,5,17,5,65,665
666,formula_even,333,666,666,True,,,,2,2,6,18,6,66,666
667,formula_3_mod_4,167,222778,222778,True,,,,3,3,7,19,7,67,667
668,formula_even,334,668,668,True,,,,0,4,8,20,8,68,668
669,formula_divisible_by_3,223,1338,1338,True,,,,1,5,9,21,9,69,669
670,formula_even,335,670,670,True,,,,2,6,10,22,10,70,670
671,formula_3_mod_4,168,225456,225456,True,,,,3,7,11,23,11,71,671
672,formula_even,336,672,672,True,,,,0,0,0,0,12,72,672
673,general_key_d_7,170,57205,22882,True,7,8,20,1,1,1,1,13,73,673
674,formula_even,337,674,674,True,,,,2,2,2,2,14,74,674
675,formula_divisible_by_3,225,1350,1350,True,,,,3,3,3,3,15,75,675
676,formula_even,338,676,676,True,,,,0,4,4,4,16,76,676
677,general_key_d_3,170,230180,46036,True,3,2,10,1,5,5,5,17,77,677
678,formula_even,339,678,678,True,,,,2,6,6,6,18,78,678
679,formula_3_mod_4,170,230860,230860,True,,,,3,7,7,7,19,79,679
680,formula_even,340,680,680,True,,,,0,0,8,8,20,80,680
681,formula_divisible_by_3,227,1362,1362,True,,,,1,1,9,9,21,81,681
682,formula_even,341,682,682,True,,,,2,2,10,10,22,82,682
683,formula_3_mod_4,171,233586,233586,True,,,,3,3,11,11,23,83,683
684,formula_even,342,684,684,True,,,,0,4,0,12,24,84,684
685,general_key_d_3,172,235640,47128,True,3,2,10,1,5,1,13,25,85,685
686,formula_even,343,686,686,True,,,,2,6,2,14,26,86,686
687,formula_divisible_by_3,229,1374,1374,True,,,,3,7,3,15,27,87,687
688,formula_even,344,688,688,True,,,,0,0,4,16,28,88,688
689,general_key_d_7,174,239772,18444,True,7,2,26,1,1,5,17,29,89,689
690,formula_even,345,690,690,True,,,,2,2,6,18,30,90,690
691,formula_3_mod_4,173,239086,239086,True,,,,3,3,7,19,31,91,691
692,formula_even,346,692,692,True,,,,0,4,8,20,32,92,692
693,formula_divisible_by_3,231,1386,1386,True,,,,1,5,9,21,33,93,693
694,formula_even,347,694,694,True,,,,2,6,10,22,34,94,694
695,formula_3_mod_4,174,241860,241860,True,,,,3,7,11,23,35,95,695
696,formula_even,348,696,696,True,,,,0,0,0,0,36,96,696
697,general_key_d_3,175,243950,48790,True,3,2,10,1,1,1,1,37,97,697
698,formula_even,349,698,698,True,,,,2,2,2,2,38,98,698
699,formula_divisible_by_3,233,1398,1398,True,,,,3,3,3,3,39,99,699
700,formula_even,350,700,700,True,,,,0,4,4,4,40,100,700
701,general_key_d_3,176,493504,44864,True,3,1,11,1,5,5,5,41,101,701
702,formula_even,351,702,702,True,,,,2,6,6,6,42,102,702
703,formula_3_mod_4,176,247456,247456,True,,,,3,7,7,7,43,103,703
704,formula_even,352,704,704,True,,,,0,0,8,8,44,104,704
705,formula_divisible_by_3,235,1410,1410,True,,,,1,1,9,9,45,105,705
706,formula_even,353,706,706,True,,,,2,2,10,10,46,106,706
707,formula_3_mod_4,177,250278,250278,True,,,,3,3,11,11,47,107,707
708,formula_even,354,708,708,True,,,,0,4,0,12,48,108,708
709,general_key_d_3,178,126202,63101,True,3,4,8,1,5,1,13,49,109,709
710,formula_even,355,710,710,True,,,,2,6,2,14,50,110,710
711,formula_divisible_by_3,237,1422,1422,True,,,,3,7,3,15,51,111,711
712,formula_even,356,712,712,True,,,,0,0,4,16,52,112,712
713,general_key_d_7,180,128340,21390,True,7,4,24,1,1,5,17,53,113,713
714,formula_even,357,714,714,True,,,,2,2,6,18,54,114,714
715,formula_3_mod_4,179,255970,255970,True,,,,3,3,7,19,55,115,715
716,formula_even,358,716,716,True,,,,0,4,8,20,56,116,716
717,formula_divisible_by_3,239,1434,1434,True,,,,1,5,9,21,57,117,717
718,formula_even,359,718,718,True,,,,2,6,10,22,58,118,718
719,formula_3_mod_4,180,258840,258840,True,,,,3,7,11,23,59,119,719
720,formula_even,360,720,720,True,,,,0,0,0,0,0,0,720
721,general_key_d_7,182,262444,20188,True,7,2,26,1,1,1,1,1,1,721
722,formula_even,361,722,722,True,,,,2,2,2,2,2,2,722
723,formula_divisible_by_3,241,1446,1446,True,,,,3,3,3,3,3,3,723
724,formula_even,362,724,724,True,,,,0,4,4,4,4,4,724
725,general_key_d_3,182,263900,52780,True,3,2,10,1,5,5,5,5,5,725
726,formula_even,363,726,726,True,,,,2,6,6,6,6,6,726
727,formula_3_mod_4,182,264628,264628,True,,,,3,7,7,7,7,7,727
728,formula_even,364,728,728,True,,,,0,0,8,8,8,8,728
729,formula_divisible_by_3,243,1458,1458,True,,,,1,1,9,9,9,9,729
730,formula_even,365,730,730,True,,,,2,2,10,10,10,10,730
731,formula_3_mod_4,183,267546,267546,True,,,,3,3,11,11,11,11,731
732,formula_even,366,732,732,True,,,,0,4,0,12,12,12,732
733,general_key_d_3,184,134872,67436,True,3,4,8,1,5,1,13,13,13,733
734,formula_even,367,734,734,True,,,,2,6,2,14,14,14,734
735,formula_divisible_by_3,245,1470,1470,True,,,,3,7,3,15,15,15,735
736,formula_even,368,736,736,True,,,,0,0,4,16,16,16,736
737,general_key_d_3,185,545380,49580,True,3,1,11,1,1,5,17,17,17,737
738,formula_even,369,738,738,True,,,,2,2,6,18,18,18,738
739,formula_3_mod_4,185,273430,273430,True,,,,3,3,7,19,19,19,739
740,formula_even,370,740,740,True,,,,0,4,8,20,20,20,740
741,formula_divisible_by_3,247,1482,1482,True,,,,1,5,9,21,21,21,741
742,formula_even,371,742,742,True,,,,2,6,10,22,22,22,742
743,formula_3_mod_4,186,276396,276396,True,,,,3,7,11,23,23,23,743
744,formula_even,372,744,744,True,,,,0,0,0,0,24,24,744
745,general_key_d_3,187,557260,50660,True,3,1,11,1,1,1,1,25,25,745
746,formula_even,373,746,746,True,,,,2,2,2,2,26,26,746
747,formula_divisible_by_3,249,1494,1494,True,,,,3,3,3,3,27,27,747
748,formula_even,374,748,748,True,,,,0,4,4,4,28,28,748
749,general_key_d_3,188,140812,70406,True,3,4,8,1,5,5,5,29,29,749
750,formula_even,375,750,750,True,,,,2,6,6,6,30,30,750
751,formula_3_mod_4,188,282376,282376,True,,,,3,7,7,7,31,31,751
752,formula_even,376,752,752,True,,,,0,0,8,8,32,32,752
753,formula_divisible_by_3,251,1506,1506,True,,,,1,1,9,9,33,33,753
754,formula_even,377,754,754,True,,,,2,2,10,10,34,34,754
755,formula_3_mod_4,189,285390,285390,True,,,,3,3,11,11,35,35,755
756,formula_even,378,756,756,True,,,,0,4,0,12,36,36,756
757,general_key_d_3,190,287660,57532,True,3,2,10,1,5,1,13,37,37,757
758,formula_even,379,758,758,True,,,,2,6,2,14,38,38,758
759,formula_divisible_by_3,253,1518,1518,True,,,,3,7,3,15,39,39,759
760,formula_even,380,760,760,True,,,,0,0,4,16,40,40,760
761,general_key_d_7,192,146112,24352,True,7,4,24,1,1,5,17,41,41,761
762,formula_even,381,762,762,True,,,,2,2,6,18,42,42,762
763,formula_3_mod_4,191,291466,291466,True,,,,3,3,7,19,43,43,763
764,formula_even,382,764,764,True,,,,0,4,8,20,44,44,764
765,formula_divisible_by_3,255,1530,1530,True,,,,1,5,9,21,45,45,765
766,formula_even,383,766,766,True,,,,2,6,10,22,46,46,766
767,formula_3_mod_4,192,294528,294528,True,,,,3,7,11,23,47,47,767
768,formula_even,384,768,768,True,,,,0,0,0,0,48,48,768
769,general_key_d_11,195,119964,15380,True,11,5,39,1,1,1,1,49,49,769
770,formula_even,385,770,770,True,,,,2,2,2,2,50,50,770
771,formula_divisible_by_3,257,1542,1542,True,,,,3,3,3,3,51,51,771
772,formula_even,386,772,772,True,,,,0,4,4,4,52,52,772
773,general_key_d_3,194,149962,74981,True,3,4,8,1,5,5,5,53,53,773
774,formula_even,387,774,774,True,,,,2,6,6,6,54,54,774
775,formula_3_mod_4,194,300700,300700,True,,,,3,7,7,7,55,55,775
776,formula_even,388,776,776,True,,,,0,0,8,8,56,56,776
777,formula_divisible_by_3,259,1554,1554,True,,,,1,1,9,9,57,57,777
778,formula_even,389,778,778,True,,,,2,2,10,10,58,58,778
779,formula_3_mod_4,195,303810,303810,True,,,,3,3,11,11,59,59,779
780,formula_even,390,780,780,True,,,,0,4,0,12,0,60,780
781,general_key_d_3,196,612304,55664,True,3,1,11,1,5,1,13,1,61,781
782,formula_even,391,782,782,True,,,,2,6,2,14,2,62,782
783,formula_divisible_by_3,261,1566,1566,True,,,,3,7,3,15,3,63,783
784,formula_even,392,784,784,True,,,,0,0,4,16,4,64,784
785,general_key_d_3,197,309290,61858,True,3,2,10,1,1,5,17,5,65,785
786,formula_even,393,786,786,True,,,,2,2,6,18,6,66,786
787,formula_3_mod_4,197,310078,310078,True,,,,3,3,7,19,7,67,787
788,formula_even,394,788,788,True,,,,0,4,8,20,8,68,788
789,formula_divisible_by_3,263,1578,1578,True,,,,1,5,9,21,9,69,789
790,formula_even,395,790,790,True,,,,2,6,10,22,10,70,790
791,formula_3_mod_4,198,313236,313236,True,,,,3,7,11,23,11,71,791
792,formula_even,396,792,792,True,,,,0,0,0,0,12,72,792
793,general_key_d_7,200,317200,24400,True,7,2,26,1,1,1,1,13,73,793
794,formula_even,397,794,794,True,,,,2,2,2,2,14,74,794
795,formula_divisible_by_3,265,1590,1590,True,,,,3,3,3,3,15,75,795
796,formula_even,398,796,796,True,,,,0,4,4,4,16,76,796
797,general_key_d_3,200,318800,63760,True,3,2,10,1,5,5,5,17,77,797
798,formula_even,399,798,798,True,,,,2,6,6,6,18,78,798
799,formula_3_mod_4,200,319600,319600,True,,,,3,7,7,7,19,79,799
800,formula_even,400,800,800,True,,,,0,0,8,8,20,80,800
801,formula_divisible_by_3,267,1602,1602,True,,,,1,1,9,9,21,81,801
802,formula_even,401,802,802,True,,,,2,2,10,10,22,82,802
803,formula_3_mod_4,201,322806,322806,True,,,,3,3,11,11,23,83,803
804,formula_even,402,804,804,True,,,,0,4,0,12,24,84,804
805,general_key_d_3,202,325220,65044,True,3,2,10,1,5,1,13,25,85,805
806,formula_even,403,806,806,True,,,,2,6,2,14,26,86,806
807,formula_divisible_by_3,269,1614,1614,True,,,,3,7,3,15,27,87,807
808,formula_even,404,808,808,True,,,,0,0,4,16,28,88,808
809,general_key_d_7,204,165036,27506,True,7,4,24,1,1,5,17,29,89,809
810,formula_even,405,810,810,True,,,,2,2,6,18,30,90,810
811,formula_3_mod_4,203,329266,329266,True,,,,3,3,7,19,31,91,811
812,formula_even,406,812,812,True,,,,0,4,8,20,32,92,812
813,formula_divisible_by_3,271,1626,1626,True,,,,1,5,9,21,33,93,813
814,formula_even,407,814,814,True,,,,2,6,10,22,34,94,814
815,formula_3_mod_4,204,332520,332520,True,,,,3,7,11,23,35,95,815
816,formula_even,408,816,816,True,,,,0,0,0,0,36,96,816
817,general_key_d_3,205,334970,66994,True,3,2,10,1,1,1,1,37,97,817
818,formula_even,409,818,818,True,,,,2,2,2,2,38,98,818
819,formula_divisible_by_3,273,1638,1638,True,,,,3,3,3,3,39,99,819
820,formula_even,410,820,820,True,,,,0,4,4,4,40,100,820
821,general_key_d_3,206,169126,84563,True,3,4,8,1,5,5,5,41,101,821
822,formula_even,411,822,822,True,,,,2,6,6,6,42,102,822
823,formula_3_mod_4,206,339076,339076,True,,,,3,7,7,7,43,103,823
824,formula_even,412,824,824,True,,,,0,0,8,8,44,104,824
825,formula_divisible_by_3,275,1650,1650,True,,,,1,1,9,9,45,105,825
826,formula_even,413,826,826,True,,,,2,2,10,10,46,106,826
827,formula_3_mod_4,207,342378,342378,True,,,,3,3,11,11,47,107,827
828,formula_even,414,828,828,True,,,,0,4,0,12,48,108,828
829,general_key_d_3,208,172432,86216,True,3,4,8,1,5,1,13,49,109,829
830,formula_even,415,830,830,True,,,,2,6,2,14,50,110,830
831,formula_divisible_by_3,277,1662,1662,True,,,,3,7,3,15,51,111,831
832,formula_even,416,832,832,True,,,,0,0,4,16,52,112,832
833,general_key_d_3,209,696388,63308,True,3,1,11,1,1,5,17,53,113,833
834,formula_even,417,834,834,True,,,,2,2,6,18,54,114,834
835,formula_3_mod_4,209,349030,349030,True,,,,3,3,7,19,55,115,835
836,formula_even,418,836,836,True,,,,0,4,8,20,56,116,836
837,formula_divisible_by_3,279,1674,1674,True,,,,1,5,9,21,57,117,837
838,formula_even,419,838,838,True,,,,2,6,10,22,58,118,838
839,formula_3_mod_4,210,352380,352380,True,,,,3,7,11,23,59,119,839
840,formula_even,420,840,840,True,,,,0,0,0,0,0,0,0
841,general_key_d_15,214,359948,12412,True,15,2,58,1,1,1,1,1,1,1
842,formula_even,421,842,842,True,,,,2,2,2,2,2,2,2
843,formula_divisible_by_3,281,1686,1686,True,,,,3,3,3,3,3,3,3
844,formula_even,422,844,844,True,,,,0,4,4,4,4,4,4
845,general_key_d_3,212,358280,71656,True,3,2,10,1,5,5,5,5,5,5
846,formula_even,423,846,846,True,,,,2,6,6,6,6,6,6
847,formula_3_mod_4,212,359128,359128,True,,,,3,7,7,7,7,7,7
848,formula_even,424,848,848,True,,,,0,0,8,8,8,8,8
849,formula_divisible_by_3,283,1698,1698,True,,,,1,1,9,9,9,9,9
850,formula_even,425,850,850,True,,,,2,2,10,10,10,10,10
851,formula_3_mod_4,213,362526,362526,True,,,,3,3,11,11,11,11,11
852,formula_even,426,852,852,True,,,,0,4,0,12,12,12,12
853,general_key_d_3,214,182542,91271,True,3,4,8,1,5,1,13,13,13,13
854,formula_even,427,854,854,True,,,,2,6,2,14,14,14,14
855,formula_divisible_by_3,285,1710,1710,True,,,,3,7,3,15,15,15,15
856,formula_even,428,856,856,True,,,,0,0,4,16,16,16,16
857,general_key_d_3,215,368510,73702,True,3,2,10,1,1,5,17,17,17,17
858,formula_even,429,858,858,True,,,,2,2,6,18,18,18,18
859,formula_3_mod_4,215,369370,369370,True,,,,3,3,7,19,19,19,19
860,formula_even,430,860,860,True,,,,0,4,8,20,20,20,20
861,formula_divisible_by_3,287,1722,1722,True,,,,1,5,9,21,21,21,21
862,formula_even,431,862,862,True,,,,2,6,10,22,22,22,22
863,formula_3_mod_4,216,372816,372816,True,,,,3,7,11,23,23,23,23
864,formula_even,432,864,864,True,,,,0,0,0,0,24,24,24
865,general_key_d_3,217,375410,75082,True,3,2,10,1,1,1,1,25,25,25
866,formula_even,433,866,866,True,,,,2,2,2,2,26,26,26
867,formula_divisible_by_3,289,1734,1734,True,,,,3,3,3,3,27,27,27
868,formula_even,434,868,868,True,,,,0,4,4,4,28,28,28
869,general_key_d_3,218,757768,68888,True,3,1,11,1,5,5,5,29,29,29
870,formula_even,435,870,870,True,,,,2,6,6,6,30,30,30
871,formula_3_mod_4,218,379756,379756,True,,,,3,7,7,7,31,31,31
872,formula_even,436,872,872,True,,,,0,0,8,8,32,32,32
873,formula_divisible_by_3,291,1746,1746,True,,,,1,1,9,9,33,33,33
874,formula_even,437,874,874,True,,,,2,2,10,10,34,34,34
875,formula_3_mod_4,219,383250,383250,True,,,,3,3,11,11,35,35,35
876,formula_even,438,876,876,True,,,,0,4,0,12,36,36,36
877,general_key_d_3,220,771760,70160,True,3,1,11,1,5,1,13,37,37,37
878,formula_even,439,878,878,True,,,,2,6,2,14,38,38,38
879,formula_divisible_by_3,293,1758,1758,True,,,,3,7,3,15,39,39,39
880,formula_even,440,880,880,True,,,,0,0,4,16,40,40,40
881,general_key_d_7,222,195582,32597,True,7,4,24,1,1,5,17,41,41,41
882,formula_even,441,882,882,True,,,,2,2,6,18,42,42,42
883,formula_3_mod_4,221,390286,390286,True,,,,3,3,7,19,43,43,43
884,formula_even,442,884,884,True,,,,0,4,8,20,44,44,44
885,formula_divisible_by_3,295,1770,1770,True,,,,1,5,9,21,45,45,45
886,formula_even,443,886,886,True,,,,2,6,10,22,46,46,46
887,formula_3_mod_4,222,393828,393828,True,,,,3,7,11,23,47,47,47
888,formula_even,444,888,888,True,,,,0,0,0,0,48,48,48
889,general_key_d_7,224,56896,56896,True,7,14,14,1,1,1,1,49,49,49
890,formula_even,445,890,890,True,,,,2,2,2,2,50,50,50
891,formula_divisible_by_3,297,1782,1782,True,,,,3,3,3,3,51,51,51
892,formula_even,446,892,892,True,,,,0,4,4,4,52,52,52
893,general_key_d_3,224,200032,100016,True,3,4,8,1,5,5,5,53,53,53
894,formula_even,447,894,894,True,,,,2,6,6,6,54,54,54
895,formula_3_mod_4,224,400960,400960,True,,,,3,7,7,7,55,55,55
896,formula_even,448,896,896,True,,,,0,0,8,8,56,56,56
897,formula_divisible_by_3,299,1794,1794,True,,,,1,1,9,9,57,57,57
898,formula_even,449,898,898,True,,,,2,2,10,10,58,58,58
899,formula_3_mod_4,225,404550,404550,True,,,,3,3,11,11,59,59,59
900,formula_even,450,900,900,True,,,,0,4,0,12,0,60,60
901,general_key_d_3,226,203626,101813,True,3,4,8,1,5,1,13,1,61,61
902,formula_even,451,902,902,True,,,,2,6,2,14,2,62,62
903,formula_divisible_by_3,301,1806,1806,True,,,,3,7,3,15,3,63,63
904,formula_even,452,904,904,True,,,,0,0,4,16,4,64,64
905,general_key_d_3,227,410870,82174,True,3,2,10,1,1,5,17,5,65,65
906,formula_even,453,906,906,True,,,,2,2,6,18,6,66,66
907,formula_3_mod_4,227,411778,411778,True,,,,3,3,7,19,7,67,67
908,formula_even,454,908,908,True,,,,0,4,8,20,8,68,68
909,formula_divisible_by_3,303,1818,1818,True,,,,1,5,9,21,9,69,69
910,formula_even,455,910,910,True,,,,2,6,10,22,10,70,70
911,formula_3_mod_4,228,415416,415416,True,,,,3,7,11,23,11,71,71
912,formula_even,456,912,912,True,,,,0,0,0,0,12,72,72
913,general_key_d_3,229,836308,76028,True,3,1,11,1,1,1,1,13,73,73
914,formula_even,457,914,914,True,,,,2,2,2,2,14,74,74
915,formula_divisible_by_3,305,1830,1830,True,,,,3,3,3,3,15,75,75
916,formula_even,458,916,916,True,,,,0,4,4,4,16,76,76
917,general_key_d_3,230,421820,84364,True,3,2,10,1,5,5,5,17,77,77
918,formula_even,459,918,918,True,,,,2,6,6,6,18,78,78
919,formula_3_mod_4,230,422740,422740,True,,,,3,7,7,7,19,79,79
920,formula_even,460,920,920,True,,,,0,0,8,8,20,80,80
921,formula_divisible_by_3,307,1842,1842,True,,,,1,1,9,9,21,81,81
922,formula_even,461,922,922,True,,,,2,2,10,10,22,82,82
923,formula_3_mod_4,231,426426,426426,True,,,,3,3,11,11,23,83,83
924,formula_even,462,924,924,True,,,,0,4,0,12,24,84,84
925,general_key_d_3,232,429200,85840,True,3,2,10,1,5,1,13,25,85,85
926,formula_even,463,926,926,True,,,,2,6,2,14,26,86,86
927,formula_divisible_by_3,309,1854,1854,True,,,,3,7,3,15,27,87,87
928,formula_even,464,928,928,True,,,,0,0,4,16,28,88,88
929,general_key_d_7,234,434772,33444,True,7,2,26,1,1,5,17,29,89,89
930,formula_even,465,930,930,True,,,,2,2,6,18,30,90,90
931,formula_3_mod_4,233,433846,433846,True,,,,3,3,7,19,31,91,91
932,formula_even,466,932,932,True,,,,0,4,8,20,32,92,92
933,formula_divisible_by_3,311,1866,1866,True,,,,1,5,9,21,33,93,93
934,formula_even,467,934,934,True,,,,2,6,10,22,34,94,94
935,formula_3_mod_4,234,437580,437580,True,,,,3,7,11,23,35,95,95
936,formula_even,468,936,936,True,,,,0,0,0,0,36,96,96
937,general_key_d_3,235,440390,88078,True,3,2,10,1,1,1,1,37,97,97
938,formula_even,469,938,938,True,,,,2,2,2,2,38,98,98
939,formula_divisible_by_3,313,1878,1878,True,,,,3,3,3,3,39,99,99
940,formula_even,470,940,940,True,,,,0,4,4,4,40,100,100
941,general_key_d_3,236,222076,111038,True,3,4,8,1,5,5,5,41,101,101
942,formula_even,471,942,942,True,,,,2,6,6,6,42,102,102
943,formula_3_mod_4,236,445096,445096,True,,,,3,7,7,7,43,103,103
944,formula_even,472,944,944,True,,,,0,0,8,8,44,104,104
945,formula_divisible_by_3,315,1890,1890,True,,,,1,1,9,9,45,105,105
946,formula_even,473,946,946,True,,,,2,2,10,10,46,106,106
947,formula_3_mod_4,237,448878,448878,True,,,,3,3,11,11,47,107,107
948,formula_even,474,948,948,True,,,,0,4,0,12,48,108,108
949,general_key_d_3,238,225862,112931,True,3,4,8,1,5,1,13,49,109,109
950,formula_even,475,950,950,True,,,,2,6,2,14,50,110,110
951,formula_divisible_by_3,317,1902,1902,True,,,,3,7,3,15,51,111,111
952,formula_even,476,952,952,True,,,,0,0,4,16,52,112,112
953,general_key_d_7,240,228720,38120,True,7,4,24,1,1,5,17,53,113,113
954,formula_even,477,954,954,True,,,,2,2,6,18,54,114,114
955,formula_3_mod_4,239,456490,456490,True,,,,3,3,7,19,55,115,115
956,formula_even,478,956,956,True,,,,0,4,8,20,56,116,116
957,formula_divisible_by_3,319,1914,1914,True,,,,1,5,9,21,57,117,117
958,formula_even,479,958,958,True,,,,2,6,10,22,58,118,118
959,formula_3_mod_4,240,460320,460320,True,,,,3,7,11,23,59,119,119
960,formula_even,480,960,960,True,,,,0,0,0,0,0,0,120
961,general_key_d_19,245,67270,15190,True,19,14,62,1,1,1,1,1,1,121
962,formula_even,481,962,962,True,,,,2,2,2,2,2,2,122
963,formula_divisible_by_3,321,1926,1926,True,,,,3,3,3,3,3,3,123
964,formula_even,482,964,964,True,,,,0,4,4,4,4,4,124
965,general_key_d_3,242,934120,84920,True,3,1,11,1,5,5,5,5,5,125
966,formula_even,483,966,966,True,,,,2,6,6,6,6,6,126
967,formula_3_mod_4,242,468028,468028,True,,,,3,7,7,7,7,7,127
968,formula_even,484,968,968,True,,,,0,0,8,8,8,8,128
969,formula_divisible_by_3,323,1938,1938,True,,,,1,1,9,9,9,9,129
970,formula_even,485,970,970,True,,,,2,2,10,10,10,10,130
971,formula_3_mod_4,243,471906,471906,True,,,,3,3,11,11,11,11,131
972,formula_even,486,972,972,True,,,,0,4,0,12,12,12,132
973,general_key_d_3,244,237412,118706,True,3,4,8,1,5,1,13,13,13,133
974,formula_even,487,974,974,True,,,,2,6,2,14,14,14,134
975,formula_divisible_by_3,325,1950,1950,True,,,,3,7,3,15,15,15,135
976,formula_even,488,976,976,True,,,,0,0,4,16,16,16,136
977,general_key_d_3,245,478730,95746,True,3,2,10,1,1,5,17,17,17,137
978,formula_even,489,978,978,True,,,,2,2,6,18,18,18,138
979,formula_3_mod_4,245,479710,479710,True,,,,3,3,7,19,19,19,139
980,formula_even,490,980,980,True,,,,0,4,8,20,20,20,140
981,formula_divisible_by_3,327,1962,1962,True,,,,1,5,9,21,21,21,141
982,formula_even,491,982,982,True,,,,2,6,10,22,22,22,142
983,formula_3_mod_4,246,483636,483636,True,,,,3,7,11,23,23,23,143
984,formula_even,492,984,984,True,,,,0,0,0,0,24,24,144
985,general_key_d_3,247,486590,97318,True,3,2,10,1,1,1,1,25,25,145
986,formula_even,493,986,986,True,,,,2,2,2,2,26,26,146
987,formula_divisible_by_3,329,1974,1974,True,,,,3,3,3,3,27,27,147
988,formula_even,494,988,988,True,,,,0,4,4,4,28,28,148
989,general_key_d_3,248,245272,122636,True,3,4,8,1,5,5,5,29,29,149
990,formula_even,495,990,990,True,,,,2,6,6,6,30,30,150
991,formula_3_mod_4,248,491536,491536,True,,,,3,7,7,7,31,31,151
992,formula_even,496,992,992,True,,,,0,0,8,8,32,32,152
993,formula_divisible_by_3,331,1986,1986,True,,,,1,1,9,9,33,33,153
994,formula_even,497,994,994,True,,,,2,2,10,10,34,34,154
995,formula_3_mod_4,249,495510,495510,True,,,,3,3,11,11,35,35,155
996,formula_even,498,996,996,True,,,,0,4,0,12,36,36,156
997,general_key_d_3,250,498500,99700,True,3,2,10,1,5,1,13,37,37,157
998,formula_even,499,998,998,True,,,,2,6,2,14,38,38,158
999,formula_divisible_by_3,333,1998,1998,True,,,,3,7,3,15,39,39,159
1000,formula_even,500,1000,1000,True,,,,0,0,4,16,40,40,160
